Frequency,CHD,BHC,YTA,ZHY,LZH,Vel_AVG,Frequency,CHD,BHC,YTA,ZHY,LZH,Dis_AVG,Frequency,CHD,BHC,YTA,ZHY,LZH,Acc_AVG
0.0976563,10.0915,4.17825,31.3571,6.62855,31.7013,10.0915,0.0976563,16.4466,6.80949,51.1041,10.8028,51.6651,16.4466,0.0976563,6.19208,2.56374,19.2405,4.06722,19.4517,6.19208
0.195313,26.6117,45.4116,16.6518,72.389,74.987,45.4116,0.195313,21.6852,37.0047,13.5691,58.9878,61.1049,37.0047,0.195313,32.6575,55.7285,20.4348,88.8346,92.0229,55.7285
0.292969,17.7358,51.756,22.6794,30.7482,36.7786,30.7482,0.292969,9.63494,28.1164,12.3206,16.7039,19.9799,16.7039,0.292969,32.6476,95.2712,41.7477,56.6006,67.7012,56.6006
0.390625,48.4505,57.6977,60.3846,32.1418,24.1828,48.4505,0.390625,19.7405,23.5082,24.6029,13.0957,9.85294,19.7405,0.390625,118.915,141.612,148.206,78.8878,59.3534,118.915
0.488281,34.3806,41.2914,56.2457,60.5808,67.2951,56.2457,0.488281,11.2063,13.4589,18.3332,19.7463,21.9348,18.3332,0.488281,105.478,126.68,172.56,185.86,206.459,172.56
0.585938,51.536,48.3688,54.9869,35.8677,26.7321,48.3688,0.585938,13.9984,13.1382,14.9358,9.74255,7.26109,13.1382,0.585938,189.733,178.072,202.437,132.049,98.4156,178.072
0.683594,116.864,72.286,66.0878,14.6887,26.2481,66.0878,0.683594,27.2084,16.8297,15.3866,3.41984,6.11111,15.3866,0.683594,501.948,310.479,283.857,63.0901,112.739,283.857
0.78125,197.864,98.6593,28.9015,26.9018,15.9079,28.9015,0.78125,40.3084,20.0987,5.88776,5.48039,3.24074,5.88776,0.78125,971.261,484.293,141.87,132.054,78.0878,141.87
0.878906,226.259,32.7412,22.1853,10.2599,44.4198,32.7412,0.878906,40.9716,5.92888,4.01737,1.8579,8.04368,5.92888,0.878906,1249.48,180.808,122.514,56.6588,245.301,180.808
0.976563,79.6691,139.853,30.2987,30.1776,15.6897,30.2987,0.976563,12.9841,22.7925,4.93793,4.91819,2.55703,4.93793,0.976563,488.844,858.126,185.911,185.168,96.271,185.911
1.07422,38.7462,95.0037,61.3294,9.59942,22.4761,38.7462,1.07422,5.74059,14.0756,9.08648,1.42224,3.33003,5.74059,1.07422,261.518,641.229,413.943,64.7914,151.703,261.518
1.17188,115.472,75.6274,22.1503,30.0028,26.92,30.0028,1.17188,15.6825,10.2711,3.00828,4.07474,3.65606,4.07474,1.17188,850.234,556.853,163.095,220.914,198.215,220.914
1.26953,238.351,78.6249,81.3284,52.2938,27.4879,78.6249,1.26953,29.8808,9.85682,10.1957,6.55582,3.44603,9.85682,1.26953,1901.25,627.167,648.732,417.132,219.263,627.167
1.36719,231.232,23.1154,87.7525,38.9241,2.48577,38.9241,1.36719,26.9179,2.69088,10.2153,4.53117,0.28937,4.53117,1.36719,1986.35,198.568,753.82,334.37,21.3535,334.37
1.46484,249.692,71.4561,63.7639,82.6759,18.7325,71.4561,1.46484,27.129,7.76369,6.92794,8.98272,2.03528,7.76369,1.46484,2298.14,657.674,586.876,760.94,172.412,657.674
1.5625,157.735,74.0408,148.775,106.441,24.0185,106.441,1.5625,16.0667,7.54173,15.1541,10.842,2.4465,10.842,1.5625,1548.56,726.894,1460.6,1044.98,235.801,1044.98
1.66016,725.385,64.746,131.995,58.2691,45.0353,64.746,1.66016,69.5408,6.20703,12.654,5.58611,4.31742,6.20703,1.66016,7566.54,675.37,1376.84,607.809,469.766,675.37
1.75781,496.198,29.7932,20.0918,44.4025,40.9505,40.9505,1.75781,44.9265,2.69752,1.81914,4.02027,3.70772,3.70772,1.75781,5480.34,329.056,221.907,490.411,452.285,452.285
1.85547,286.713,25.8588,185.1,77.4097,51.6307,77.4097,1.85547,24.5931,2.21807,15.8772,6.6399,4.42868,6.6399,1.85547,3342.57,301.469,2157.95,902.462,601.923,902.462
1.95313,222.437,90.2754,119.025,53.9547,65.9581,90.2754,1.95313,18.1258,7.3563,9.69902,4.39663,5.37475,7.3563,1.95313,2729.71,1107.85,1460.65,662.124,809.428,1107.85
2.05078,218.465,72.2945,160.668,66.4342,25.0414,72.2945,2.05078,16.9544,5.61055,12.469,5.15575,1.94339,5.61055,2.05078,2815.01,931.546,2070.28,856.033,322.669,931.546
2.14844,307.708,66.0376,187.926,14.6029,32.6505,66.0376,2.14844,22.7948,4.89202,13.9214,1.08177,2.41873,4.89202,2.14844,4153.76,891.443,2536.82,197.125,440.751,891.443
2.24609,458.319,13.0687,142.838,41.948,43.2326,43.2326,2.24609,32.4758,0.926028,10.1213,2.97238,3.0634,3.0634,2.24609,6468.08,184.433,2015.82,591.997,610.125,610.125
2.34375,360.003,82.5255,69.9324,27.2833,59.8291,69.9324,2.34375,24.4464,5.60398,4.74884,1.8527,4.06276,4.74884,2.34375,5301.49,1215.29,1029.84,401.779,881.056,1029.84
2.44141,248.296,17.7464,224.762,25.4618,123.444,123.444,2.44141,16.1864,1.15689,14.6522,1.65985,8.04733,8.04733,2.44141,3808.82,272.227,3447.8,390.579,1893.61,1893.61
2.53906,231.166,30.6106,101.319,88.5957,96.5659,96.5659,2.53906,14.4901,1.91875,6.35091,5.55341,6.053,6.053,2.53906,3687.89,488.343,1616.38,1413.4,1540.55,1540.55
2.63672,345.15,88.873,89.0218,34.0823,34.0646,88.873,2.63672,20.8336,5.36446,5.37344,2.05724,2.05617,5.36446,2.63672,5718.09,1472.36,1474.82,564.641,564.348,1472.36
2.73438,278.869,27.7181,144.743,55.0415,76.7057,76.7057,2.73438,16.2316,1.61334,8.42481,3.20371,4.46467,4.46467,2.73438,4791.13,476.213,2486.77,945.646,1317.85,1317.85
2.83203,349.754,70.3812,134.141,78.4551,47.4311,78.4551,2.83203,19.6555,3.95529,7.53847,4.40903,2.66554,4.40903,2.83203,6223.59,1252.38,2386.93,1396.04,843.998,1396.04
2.92969,141.912,110.111,76.1926,53.4926,85.6077,85.6077,2.92969,7.70935,5.98179,4.13915,2.90598,4.65063,4.65063,2.92969,2612.28,2026.91,1402.54,984.68,1575.85,1575.85
3.02734,76.4045,193.053,183.583,47.1703,90.7141,90.7141,3.02734,4.01677,10.1493,9.65139,2.47986,4.76906,4.76906,3.02734,1453.32,3672.14,3491.99,897.244,1725.51,1725.51
3.125,272.07,107.815,284.448,220.46,15.9383,220.46,3.125,13.8564,5.49098,14.4868,11.2279,0.811732,11.2279,3.125,5342.08,2116.94,5585.13,4328.72,312.948,4328.72
3.22266,152.093,104.805,217.979,198.964,100.775,152.093,3.22266,7.51131,5.17592,10.7652,9.82607,4.97692,7.51131,3.22266,3079.66,2122.15,4413.75,4028.73,2040.55,3079.66
3.32031,135.9,168.453,95.1157,116.683,50.5096,116.683,3.32031,6.51421,8.0746,4.55925,5.59305,2.42111,5.59305,3.32031,2835.17,3514.3,1984.32,2434.26,1053.74,2434.26
3.41797,160.36,43.7579,60.0156,188.813,94.1603,94.1603,3.41797,7.46701,2.03755,2.79458,8.79191,4.3845,4.3845,3.41797,3443.84,939.733,1288.88,4054.89,2022.16,2022.16
3.51563,36.136,95.3142,191.178,173.489,66.0821,95.3142,3.51563,1.6359,4.31494,8.65476,7.85395,2.99159,4.31494,3.51563,798.22,2105.43,4222.99,3832.24,1459.71,2105.43
3.61328,185.678,95.9538,132.855,90.2258,54.4094,95.9538,3.61328,8.1786,4.2265,5.8519,3.9742,2.39658,4.2265,3.61328,4215.44,2178.43,3016.2,2048.39,1235.25,2178.43
3.71094,157.911,27.3364,158.212,156.718,105.238,156.718,3.71094,6.77248,1.17241,6.78541,6.72134,4.51345,6.72134,3.71094,3681.93,637.389,3688.95,3654.12,2453.78,3654.12
3.80859,185.576,88.1021,109.439,166.537,69.5463,109.439,3.80859,7.7549,3.68164,4.57329,6.95931,2.90623,4.57329,3.80859,4440.84,2108.29,2618.89,3985.25,1664.25,2618.89
3.90625,238.724,158.104,149.602,133.481,61.8922,149.602,3.90625,9.72649,6.44175,6.09535,5.43852,2.52171,6.09535,3.90625,5859.17,3880.46,3671.79,3276.13,1519.06,3671.79
4.00391,80.6421,224.109,98.0313,43.2671,44.8003,80.6421,4.00391,3.20552,8.90829,3.89674,1.71987,1.78081,3.20552,4.00391,2028.74,5637.96,2466.2,1088.48,1127.05,2028.74
4.10156,76.4798,287.917,14.8727,30.904,31.3485,31.3485,4.10156,2.96768,11.1722,0.577113,1.19918,1.21643,1.21643,4.10156,1970.95,7419.86,383.283,796.424,807.879,807.879
4.19922,176.2,285.545,104.272,101.372,81.6159,104.272,4.19922,6.67819,10.8225,3.95201,3.8421,3.09333,3.95201,4.19922,4648.95,7533.97,2751.15,2674.64,2153.39,2751.15
4.29688,136.823,155.891,222.515,14.4324,53.9786,136.823,4.29688,5.06788,5.77417,8.24188,0.534573,1.99935,5.06788,4.29688,3693.96,4208.77,6007.47,389.648,1457.32,3693.96
4.39453,143.288,253.873,266.353,115.476,133.319,143.288,4.39453,5.1894,9.19443,9.64639,4.18216,4.82836,5.1894,4.39453,3956.42,7009.87,7354.44,3188.49,3681.16,3956.42
4.49219,153.921,295.89,34.541,79.1815,108.572,108.572,4.49219,5.45331,10.4832,1.22376,2.80534,3.84663,3.84663,4.49219,4344.46,8351.57,974.929,2234.92,3064.47,3064.47
4.58984,31.4848,233.313,173.616,41.6674,102.141,102.141,4.58984,1.09175,8.09024,6.02021,1.44484,3.54178,3.54178,4.58984,907.984,6728.48,5006.88,1201.64,2945.62,2945.62
4.6875,68.1285,280.513,547.336,11.7137,121.906,121.906,4.6875,2.31317,9.52428,18.5837,0.397717,4.13908,4.13908,4.6875,2006.55,8261.8,16120.4,344.998,3590.43,3590.43
4.78516,120.369,203.342,200.943,98.3374,22.838,120.369,4.78516,4.00349,6.76318,6.68339,3.27071,0.759594,4.00349,4.78516,3619.02,6113.68,6041.56,2956.61,686.647,3619.02
4.88281,62.0331,27.7028,184.782,92.5872,129.364,92.5872,4.88281,2.02196,0.90297,6.02297,3.01787,4.2166,3.01787,4.88281,1903.15,849.91,5669.05,2840.54,3968.82,2840.54
4.98047,149.22,146.32,256.831,114.813,55.3446,146.32,4.98047,4.76846,4.67578,8.20724,3.66893,1.76858,4.67578,4.98047,4669.59,4578.82,8037.06,3592.86,1731.91,4578.82
5.07813,122.119,155.182,247.411,165.963,83.2462,155.182,5.07813,3.82735,4.8636,7.75418,5.20149,2.60904,4.8636,5.07813,3896.41,4951.36,7894.1,5295.35,2656.12,4951.36
5.17578,17.4182,60.6823,368.31,187.685,108.773,108.773,5.17578,0.535608,1.86598,11.3255,5.7713,3.34476,3.34476,5.17578,566.446,1973.41,11977.6,6103.59,3537.33,3537.33
5.27344,103.828,43.8889,317.941,213.269,202.025,202.025,5.27344,3.13359,1.32459,9.59563,6.43656,6.09721,6.09721,5.27344,3440.24,1454.21,10534.7,7066.45,6693.89,6693.89
5.37109,59.1861,169.882,48.6656,243.13,118.946,118.946,5.37109,1.75379,5.03389,1.44205,7.20437,3.52457,3.52457,5.37109,1997.39,5733.09,1642.35,8205.05,4014.13,4014.13
5.46875,153.337,286.839,380.383,191.611,176.275,191.611,5.46875,4.46251,8.34777,11.0701,5.57639,5.13007,5.57639,5.46875,5268.84,9856.12,13070.4,6583.98,6057.03,6583.98
5.56641,199.262,200.12,332.915,154.388,277.064,200.12,5.56641,5.6973,5.72185,9.51872,4.41427,7.92183,5.72185,5.56641,6969.14,6999.16,11643.6,5399.69,9690.26,6999.16
5.66406,104.223,142.8,310.051,205.056,91.5253,142.8,5.66406,2.92857,4.01254,8.71214,5.76188,2.57178,4.01254,5.66406,3709.13,5082,11034.2,7297.6,3257.23,5082
5.76172,152.078,149.435,128.46,133.574,126.996,133.574,5.76172,4.20083,4.12782,3.54842,3.6897,3.50799,3.6897,5.76172,5505.53,5409.85,4650.49,4835.65,4597.51,4835.65
5.85938,21.0515,231.108,139.502,41.6824,159.1,139.502,5.85938,0.571811,6.27746,3.78922,1.13219,4.32154,3.78922,5.85938,775.024,8508.37,5135.85,1534.56,5857.35,5135.85
5.95703,115.707,228.036,218.662,29.1934,139.763,139.763,5.95703,3.09137,6.09247,5.84203,0.779964,3.73407,3.73407,5.95703,4330.83,8535.19,8184.33,1092.68,5231.21,5231.21
6.05469,126.743,198.31,370.324,129.695,69.087,129.695,6.05469,3.33161,5.21281,9.73443,3.40918,1.81604,3.40918,6.05469,4821.67,7544.23,14088.1,4933.93,2628.26,4933.93
6.15234,80.8683,26.582,14.3732,95.3233,255.461,80.8683,6.15234,2.09198,0.687649,0.371821,2.46592,6.60852,2.09198,6.15234,3126.07,1027.56,555.616,3684.85,9875.18,3126.07
6.25,42.5747,50.7813,286.013,145.551,213.814,145.551,6.25,1.08416,1.29313,7.28326,3.70642,5.44474,3.70642,6.25,1671.9,1994.18,11231.7,5715.76,8396.48,5715.76
6.34766,148.273,153.958,350.586,124.665,273.335,153.958,6.34766,3.71766,3.8602,8.79026,3.12572,6.85333,3.8602,6.34766,5913.65,6140.39,13982.6,4972.06,10901.5,6140.39
6.44531,167.037,30.166,186.563,93.0262,169.631,167.037,6.44531,4.12467,0.744893,4.60681,2.29711,4.18872,4.12467,6.44531,6764.51,1221.64,7555.24,3767.29,6869.56,6764.51
6.54297,151.417,8.32733,569.971,173.872,93.7944,151.417,6.54297,3.68315,0.202559,13.8643,4.22937,2.28151,3.68315,6.54297,6224.84,342.342,23431.9,7148,3855.95,6224.84
6.64063,167.682,117.152,143.397,88.4839,129.168,129.168,6.64063,4.01882,2.80777,3.43677,2.12068,3.09574,3.09574,6.64063,6996.42,4888.09,5983.12,3691.93,5389.43,5389.43
6.73828,141.554,70.9897,277.591,132.295,193.046,141.554,6.73828,3.34345,1.67674,6.55656,3.12474,4.55965,3.34345,6.73828,5993.11,3005.55,11752.6,5601.09,8173.15,5993.11
6.83594,188.12,67.2578,235.65,97.7116,215.907,188.12,6.83594,4.37982,1.5659,5.48643,2.27493,5.02677,4.37982,6.83594,8080.01,2888.82,10121.5,4196.86,9273.52,8080.01
6.93359,99.1592,211.014,339.988,109.62,39.406,109.62,6.93359,2.27612,4.84365,7.80413,2.51624,0.904531,2.51624,6.93359,4319.88,9192.83,14811.6,4775.62,1716.72,4775.62
7.03125,108.772,99.5844,265.695,154.397,126.33,126.33,7.03125,2.4621,2.25413,6.0141,3.49484,2.85953,2.85953,7.03125,4805.42,4399.5,11738,6821.06,5581.1,5581.1
7.12891,55.4636,144.57,713.263,120.809,190.992,144.57,7.12891,1.23824,3.22757,15.9238,2.69709,4.26396,3.22757,7.12891,2484.34,6475.62,31948.6,5411.3,8554.98,6475.62
7.22656,77.6696,97.928,419.934,84.3108,106.24,97.928,7.22656,1.71056,2.15673,9.24845,1.85683,2.3398,2.15673,7.22656,3526.65,4446.5,19067.4,3828.2,4823.94,4446.5
7.32422,120.848,23.5746,396.489,47.8757,195.884,120.848,7.32422,2.62601,0.512275,8.61569,1.04034,4.25655,2.62601,7.32422,5561.34,1084.89,18246.2,2203.21,9014.47,5561.34
7.42188,111.54,76.2026,278.068,110.189,241.02,111.54,7.42188,2.39186,1.63409,5.9629,2.3629,5.16843,2.39186,7.42188,5201.42,3553.56,12967.2,5138.45,11239.5,5201.42
7.51953,172.402,33.5449,136.546,118.14,104.059,118.14,7.51953,3.64898,0.709996,2.89007,2.5005,2.20246,2.5005,7.51953,8145.4,1584.88,6451.34,5581.72,4916.43,5581.72
7.61719,137.668,61.2443,333.016,172.846,132.655,137.668,7.61719,2.87647,1.27965,6.9581,3.61149,2.77171,2.87647,7.61719,6588.83,2931.16,15938.2,8272.47,6348.88,6588.83
7.71484,188,123.676,270.623,113.034,187.18,187.18,7.71484,3.87837,2.5514,5.58287,2.33186,3.86147,3.86147,7.71484,9113.05,5995.04,13118.1,5479.19,9073.32,9073.32
7.8125,99.284,57.5183,143.972,75.1996,194.843,99.284,7.8125,2.0226,1.17175,2.93298,1.53195,3.9693,2.0226,7.8125,4873.59,2823.42,7067.21,3691.35,9564.31,4873.59
7.91016,60.1017,74.7655,220.541,76.7577,62.1828,74.7655,7.91016,1.20927,1.50431,4.43736,1.54439,1.25114,1.50431,7.91016,2987.11,3715.92,10961.1,3814.93,3090.54,3715.92
8.00781,13.0083,55.7699,174.736,95.2274,81.742,81.742,8.00781,0.258539,1.10842,3.47287,1.89264,1.62462,1.62462,8.00781,654.505,2806.04,8791.78,4791.33,4112.82,4112.82
8.10547,98.3542,66.6097,110.39,134.153,291.008,110.39,8.10547,1.93123,1.30791,2.16757,2.63416,5.7141,2.16757,8.10547,5009,3392.31,5621.98,6832.17,14820.5,5621.98
8.20313,139.744,47.6726,297.752,66.8146,138.002,138.002,8.20313,2.71128,0.924931,5.7769,1.29632,2.67749,2.67749,8.20313,7202.65,2457.13,15346.6,3443.74,7112.89,7112.89
8.30078,97.376,48.1419,132.645,47.1935,136.906,97.376,8.30078,1.86704,0.923047,2.54326,0.904865,2.62497,1.86704,8.30078,5078.68,2510.86,6918.12,2461.4,7140.38,5078.68
8.39844,13.0991,75.6854,51.2141,31.3844,153.782,51.2141,8.39844,0.248236,1.43428,0.970534,0.594751,2.91425,0.970534,8.39844,691.228,3993.84,2702.51,1656.12,8114.9,2702.51
8.49609,134.449,60.0562,284.86,134.698,160.982,134.698,8.49609,2.51859,1.12502,5.33621,2.52326,3.01562,2.52326,8.49609,7177.22,3205.95,15206.6,7190.52,8593.6,7190.52
8.59375,51.8318,78.8941,221.591,80.1253,69.2539,78.8941,8.59375,0.959918,1.46111,4.10383,1.48391,1.28257,1.46111,8.59375,2798.72,4259.98,11965.1,4326.46,3739.44,4259.98
8.69141,18.8447,69.8601,274.607,108.742,109.579,108.742,8.69141,0.345079,1.27926,5.02853,1.99125,2.00658,1.99125,8.69141,1029.1,3815.04,14996.2,5938.36,5984.07,5938.36
8.78906,49.6774,108.437,220.066,159.124,142.353,142.353,8.78906,0.899573,1.96362,3.98501,2.88146,2.57778,2.57778,8.78906,2743.35,5988.27,12152.7,8787.35,7861.23,7861.23
8.88672,93.059,36.8225,128.586,137.764,255.929,128.586,8.88672,1.66662,0.659465,2.30288,2.46725,4.58351,2.30288,8.88672,5196.13,2056.05,7179.84,7692.3,14290.3,7179.84
8.98438,60.7921,29.2609,149.516,91.1325,112.355,91.1325,8.98438,1.07691,0.518346,2.64863,1.61438,1.99033,1.61438,8.98438,3431.75,1651.79,8440.27,5144.47,6342.5,5144.47
9.08203,89.9145,7.79594,78.1586,79.4375,142.284,79.4375,9.08203,1.57568,0.136617,1.36966,1.39208,2.4934,1.39208,9.08203,5130.89,444.868,4460.05,4533.03,8119.3,4533.03
9.17969,104.507,17.9182,54.4705,180.564,112.943,104.507,9.17969,1.81191,0.310661,0.944394,3.13058,1.95818,1.81191,9.17969,6027.72,1033.48,3141.73,10414.5,6514.3,6027.72
9.27734,149.482,99.8856,65.485,59.0294,169.313,99.8856,9.27734,2.56439,1.71356,1.12341,1.01266,2.9046,1.71356,9.27734,8713.48,5822.46,3817.21,3440.9,9869.47,5822.46
9.375,106.802,49.1617,304.914,146.501,77.9497,106.802,9.375,1.81313,0.834594,5.17638,2.48708,1.32331,1.81313,9.375,6291.18,2895.86,17960.9,8629.62,4591.61,6291.18
9.47266,55.6256,138.646,468.237,95.8895,124.454,124.454,9.47266,0.934594,2.32946,7.86708,1.61109,2.09102,2.09102,9.47266,3310.75,8251.98,27868.7,5707.2,7407.34,7407.34
9.57031,25.5538,183.236,65.5511,17.4029,172.239,65.5511,9.57031,0.424962,3.04722,1.09012,0.289412,2.86435,1.09012,9.57031,1536.6,11018.3,3941.72,1046.47,10357.1,3941.72
9.66797,74.1109,76.5872,78.1449,115.403,168.401,78.1449,9.66797,1.22002,1.26079,1.28643,1.89978,2.77223,1.28643,9.66797,4501.91,4652.34,4746.96,7010.25,10229.6,4746.96
9.76563,106.53,141.273,190.722,114.364,115.372,115.372,9.76563,1.73617,2.30238,3.10829,1.86384,1.88027,1.88027,9.76563,6536.6,8668.37,11702.6,7017.28,7079.14,7079.14
9.86328,133.988,119.78,121.192,204.753,235.565,133.988,9.86328,2.16204,1.93279,1.95556,3.30392,3.80111,2.16204,9.86328,8303.61,7423.13,7510.59,12689.1,14598.7,8303.61
9.96094,109.753,118.486,55.1796,173.902,175.257,118.486,9.96094,1.75362,1.89316,0.881655,2.77859,2.80025,1.89316,9.96094,6869.05,7415.61,3453.5,10883.9,10968.7,7415.61
10.0586,107.124,143.038,101.43,130.727,141.479,130.727,10.0586,1.695,2.26326,1.60491,2.06846,2.23859,2.06846,10.0586,6770.26,9040,6410.41,8261.94,8941.47,8261.94
10.1563,57.869,70.1923,91.6625,91.9486,117.499,91.6625,10.1563,0.906844,1.09996,1.43641,1.44089,1.84129,1.43641,10.1563,3692.83,4479.23,5849.31,5867.57,7498.05,5849.31
10.2539,47.7235,102.452,279.446,85.9958,179.073,102.452,10.2539,0.740735,1.5902,4.33739,1.33478,2.77946,1.5902,10.2539,3074.69,6600.71,18003.9,5540.47,11537.1,6600.71
10.3516,48.4218,87.8934,274.491,92.1611,201.055,92.1611,10.3516,0.744483,1.35136,4.22029,1.41697,3.09121,1.41697,10.3516,3149.39,5716.66,17853.1,5994.23,13076.8,5994.23
10.4492,27.1161,63.629,225.036,52.3974,116.486,63.629,10.4492,0.413012,0.969152,3.42758,0.798079,1.77422,0.969152,10.4492,1780.29,4177.53,14774.6,3440.12,7647.79,4177.53
10.5469,32.7782,71.3818,202.222,169.341,82.582,82.582,10.5469,0.494631,1.07717,3.05158,2.5554,1.24618,1.24618,10.5469,2172.14,4730.33,13400.8,11221.9,5472.54,5472.54
10.6445,51.0812,19.0206,134.356,150.718,80.4746,80.4746,10.6445,0.763755,0.284393,2.00886,2.2535,1.20324,1.20324,10.6445,3416.39,1272.13,8985.93,10080.2,5382.27,5382.27
10.7422,36.587,105.233,181.362,88.0674,179.19,105.233,10.7422,0.542069,1.55912,2.68703,1.3048,2.65486,1.55912,10.7422,2469.45,7102.71,12241,5944.12,12094.5,7102.71
10.8398,23.4681,145.311,79.7084,138.827,71.1437,79.7084,10.8398,0.344567,2.13352,1.17031,2.03831,1.04456,1.17031,10.8398,1598.38,9896.98,5428.84,9455.34,4845.51,5428.84
10.9375,29.4426,110.811,96.3871,180.773,149.908,110.811,10.9375,0.428428,1.61245,1.40256,2.63049,2.18136,1.61245,10.9375,2023.36,7615.21,6623.94,12423.2,10302,7615.21
11.0352,43.1412,25.3337,36.786,205.035,180.088,43.1412,11.0352,0.622206,0.365376,0.530548,2.95712,2.59733,0.622206,11.0352,2991.24,1756.53,2550.59,14216.3,12486.6,2991.24
11.1328,22.6049,62.6225,100.059,135.186,168.595,100.059,11.1328,0.32316,0.895253,1.43044,1.93262,2.41024,1.43044,11.1328,1581.2,4380.42,6999.06,9456.16,11793.1,6999.06
11.2305,21.5905,86.2332,204.983,171.964,115.603,115.603,11.2305,0.305974,1.22207,2.90495,2.43702,1.63829,1.63829,11.2305,1523.49,6084.89,14464.2,12134.3,8157.29,8157.29
11.3281,12.2407,79.1691,122.745,117.952,151.912,117.952,11.3281,0.171976,1.11229,1.72451,1.65716,2.1343,1.65716,11.3281,871.25,5634.99,8736.59,8395.4,10812.6,8395.4
11.4258,37.7216,119.953,56.1239,173.563,146.092,119.953,11.4258,0.525441,1.67088,0.781775,2.41764,2.03499,1.67088,11.4258,2708.04,8611.45,4029.15,12460.1,10488,8611.45
11.5234,42.6221,37.7034,318.939,131.239,205.707,131.239,11.5234,0.588672,0.520737,4.405,1.8126,2.84111,1.8126,11.5234,3086.01,2729.87,23092.4,9502.24,14894,9502.24
11.6211,50.3105,37.9824,296.462,144.746,101.322,101.322,11.6211,0.68902,0.520183,4.06015,1.98235,1.38765,1.38765,11.6211,3673.55,2773.38,21646.9,10569,7398.3,7398.3
11.7188,18.1507,1.13706,136.454,161.393,66.9541,66.9541,11.7188,0.246509,0.0154427,1.85321,2.19191,0.909318,0.909318,11.7188,1336.46,83.7232,10047.2,11883.5,4929.9,4929.9
11.8164,17.9346,49.0022,113.058,145.926,34.0357,49.0022,11.8164,0.241561,0.66001,1.52278,1.96547,0.458426,0.66001,11.8164,1331.55,3638.15,8393.99,10834.2,2526.97,3638.15
11.9141,40.7805,68.8272,188.917,64.1706,126.362,68.8272,11.9141,0.54477,0.919434,2.52366,0.857228,1.68802,0.919434,11.9141,3052.76,5152.29,14142,4803.7,9459.24,5152.29
12.0117,21.7659,64.8649,104.672,90.5617,188.269,90.5617,12.0117,0.288398,0.859458,1.3869,1.19994,2.49456,1.19994,12.0117,1642.72,4895.48,7899.76,6834.86,14209,6834.86
12.1094,10.3902,49.4189,78.3896,92.9428,163.823,78.3896,12.1094,0.13656,0.649518,1.03028,1.22156,2.15314,1.03028,12.1094,790.546,3760.06,5964.3,7071.59,12464.5,5964.3
12.207,34.9358,77.4184,38.9476,99.1729,184.954,77.4184,12.207,0.455492,1.00938,0.507798,1.29301,2.41143,1.00938,12.207,2679.54,5937.92,2987.25,7606.46,14185.8,5937.92
12.3047,24.779,84.668,45.0578,116.436,77.9995,77.9995,12.3047,0.320504,1.09514,0.582799,1.50604,1.00888,1.00888,12.3047,1915.73,6545.91,3483.53,9001.96,6030.35,6030.35
12.4023,30.9345,111.328,113.032,37.3556,135.964,111.328,12.4023,0.396972,1.42864,1.4505,0.479371,1.74478,1.42864,12.4023,2410.61,8675.4,8808.17,2910.98,10595.1,8675.4
12.5,22.0338,80.948,124.456,17.0556,27.091,27.091,12.5,0.280544,1.03066,1.58463,0.217159,0.344933,0.344933,12.5,1730.53,6357.64,9774.78,1339.54,2127.72,2127.72
12.5977,39.4006,85.2611,51.3351,57.6889,132.949,57.6889,12.5977,0.497775,1.07716,0.648552,0.728824,1.67964,0.728824,12.5977,3118.69,6748.71,4063.35,4566.27,10523.4,4566.27
12.6953,20.5819,49.0321,26.5305,108.023,33.0766,33.0766,12.6953,0.258025,0.614692,0.332601,1.35423,0.414666,0.414666,12.6953,1641.76,3911.15,2116.26,8616.64,2638.42,2638.42
12.793,19.9945,23.3916,41.9064,40.1868,194.603,40.1868,12.793,0.248748,0.29101,0.52135,0.499956,2.42102,0.499956,12.793,1607.17,1880.23,3368.46,3230.24,15642.3,3230.24
12.8906,32.0053,6.61305,15.6053,89.1221,24.6076,24.6076,12.8906,0.395156,0.0816485,0.192671,1.10035,0.303819,0.303819,12.8906,2592.24,535.619,1263.93,7218.37,1993.07,1993.07
12.9883,14.0596,44.7,45.3984,22.2491,164.53,44.7,12.9883,0.172283,0.547742,0.5563,0.272635,2.0161,0.547742,12.9883,1147.37,3647.87,3704.86,1815.7,13426.9,3647.87
13.0859,10.0187,89.1139,237.725,152.771,243.661,152.771,13.0859,0.121851,1.08383,2.89128,1.85804,2.96347,1.85804,13.0859,823.753,7327.07,19546,12561,20034.1,12561
13.1836,28.1228,59.7133,64.2716,95.9123,9.78689,59.7133,13.1836,0.339504,0.720871,0.7759,1.15787,0.118149,0.720871,13.1836,2329.55,4946.35,5323.94,7944.9,810.697,4946.35
13.2813,30.6255,32.2653,124.205,86.5523,80.1569,80.1569,13.2813,0.366999,0.386649,1.4884,1.03719,0.960555,0.960555,13.2813,2555.65,2692.49,10364.7,7222.67,6688.98,6688.98
13.3789,10.459,69.2601,54.9075,169.448,178.232,69.2601,13.3789,0.12442,0.823916,0.653178,2.01575,2.12024,0.823916,13.3789,879.204,5822.16,4615.64,14244.2,14982.6,5822.16
13.4766,4.47136,65.9398,23.5806,92.7486,27.2537,27.2537,13.4766,0.0528057,0.778733,0.278482,1.09534,0.321859,0.321859,13.4766,378.616,5583.5,1996.71,7853.56,2307.72,2307.72
13.5742,7.46984,34.5734,46.866,85.4725,211.362,46.866,13.5742,0.0875824,0.405366,0.549494,1.00215,2.47818,0.549494,13.5742,637.098,2948.74,3997.17,7289.89,18026.9,3997.17
13.6719,14.3539,56.5483,44.5356,133.662,181.16,56.5483,13.6719,0.167095,0.658281,0.51844,1.55596,2.10889,0.658281,13.6719,1233.04,4857.66,3825.73,11481.9,15562.2,4857.66
13.7695,21.6331,85.4457,39.4626,106.316,134.991,85.4457,13.7695,0.250046,0.987623,0.456128,1.22886,1.56029,0.987623,13.7695,1871.62,7392.46,3414.17,9198.12,11678.9,7392.46
13.8672,12.9396,18.9686,78.9845,34.4845,164.456,34.4845,13.8672,0.148509,0.217704,0.906512,0.395782,1.88748,0.395782,13.8672,1127.43,1652.73,6881.93,3004.64,14329.1,3004.64
13.9648,10.5536,21.0303,55.6128,44.3936,57.6937,44.3936,13.9648,0.120277,0.239678,0.633809,0.505946,0.657526,0.505946,13.9648,926.01,1845.27,4879.67,3895.26,5062.26,3895.26
14.0625,40.6393,34.7867,68.364,18.7258,89.636,40.6393,14.0625,0.459943,0.393705,0.773722,0.211933,1.01447,0.459943,14.0625,3590.78,3073.66,6040.46,1654.57,7920,3590.78
14.1602,19.8257,10.1407,28.7871,56.2237,58.0711,28.7871,14.1602,0.222833,0.113978,0.323556,0.631934,0.652698,0.323556,14.1602,1763.91,902.229,2561.21,5002.27,5166.64,2561.21
14.2578,14.6329,24.1061,43.2234,22.2991,42.9746,24.1061,14.2578,0.163342,0.269088,0.482488,0.248917,0.479711,0.269088,14.2578,1310.88,2159.54,3872.15,1997.65,3849.86,2159.54
14.3555,18.2257,23.5611,82.4006,88.2322,231.232,82.4006,14.3555,0.202063,0.261215,0.913552,0.978205,2.56361,0.913552,14.3555,1643.93,2125.17,7432.38,7958.37,20856.7,7432.38
14.4531,25.9079,33.194,55.2936,144.779,65.4688,55.2936,14.4531,0.285292,0.365525,0.608882,1.59427,0.720929,0.608882,14.4531,2352.74,3014.4,5021.3,13147.6,5945.33,5021.3
14.5508,5.71364,45.2149,152.345,52.6029,129.484,52.6029,14.5508,0.0624952,0.494556,1.66634,0.575365,1.41628,0.575365,14.5508,522.371,4133.79,13928.2,4809.23,11838.1,4809.23
14.6484,17.4959,47.9454,75.7208,36.9444,55.9069,47.9454,14.6484,0.190092,0.520926,0.822705,0.4014,0.607428,0.520926,14.6484,1610.3,4412.84,6969.25,3400.32,5145.61,4412.84
14.7461,28.0833,52.0364,113.492,45.7045,173.818,52.0364,14.7461,0.303103,0.56163,1.22492,0.493289,1.87602,0.56163,14.7461,2601.98,4821.3,10515.3,4234.63,16104.6,4821.3
14.8438,23.3195,13.9226,120.209,67.9033,50.4378,50.4378,14.8438,0.250032,0.149279,1.28888,0.72806,0.540795,0.540795,14.8438,2174.92,1298.51,11211.4,6333.07,4704.13,4704.13
14.9414,17.5416,33.0005,175.511,44.9067,187.09,44.9067,14.9414,0.186852,0.35152,1.86954,0.478343,1.99287,0.478343,14.9414,1646.79,3098.08,16477,4215.82,17563.9,4215.82
15.0391,20.1682,14.7969,92.7481,11.4951,129.262,20.1682,15.0391,0.213435,0.156593,0.981532,0.12165,1.36795,0.213435,15.0391,1905.76,1398.21,8764.07,1086.2,12214.3,1905.76
15.1367,20.4619,66.3381,120.052,78.0751,128.532,78.0751,15.1367,0.215147,0.697512,1.26229,0.82092,1.35145,0.82092,15.1367,1946.07,6309.21,11417.8,7425.47,12224.3,7425.47
15.2344,16.2363,38.0457,100.248,74.1173,153.835,74.1173,15.2344,0.169622,0.397467,1.0473,0.77431,1.60713,0.77431,15.2344,1554.15,3641.75,9595.82,7094.54,14725.2,7094.54
15.332,35.0854,31.0738,17.6798,130.215,72.1208,35.0854,15.332,0.364206,0.322564,0.183526,1.3517,0.748654,0.364206,15.332,3379.91,2993.47,1703.17,12544.1,6947.69,3379.91
15.4297,24.9381,31.5982,19.9391,160.028,146.616,31.5982,15.4297,0.257232,0.32593,0.205669,1.65067,1.51232,0.32593,15.4297,2417.68,3063.36,1933.05,15514.3,14214,3063.36
15.5273,23.302,31.4412,147.795,157.903,35.9859,35.9859,15.5273,0.238845,0.322272,1.5149,1.6185,0.368855,0.368855,15.5273,2273.37,3067.44,14419.1,15405.2,3510.83,3510.83
15.625,10.0475,36.6192,99.0473,137.166,72.031,72.031,15.625,0.102343,0.373,1.00889,1.39716,0.733702,0.733702,15.625,986.415,3595.08,9723.95,13466.2,7071.63,7071.63
15.7227,24.2588,41.5361,193.713,46.0549,32.1885,41.5361,15.7227,0.245563,0.420455,1.96089,0.466197,0.325833,0.420455,15.7227,2396.48,4103.28,19136.6,4549.69,3179.85,4103.28
15.8203,19.0841,63.5288,122.686,65.8456,24.9124,63.5288,15.8203,0.191989,0.63911,1.23424,0.662417,0.250623,0.63911,15.8203,1897,6314.89,12195.3,6545.18,2476.34,6314.89
15.918,23.7889,24.2921,114.236,17.3422,71.4739,24.2921,15.918,0.237852,0.242883,1.14218,0.173395,0.714627,0.242883,15.918,2379.26,2429.59,11425.4,1734.49,7148.5,2429.59
16.0156,0.773,42.9737,128.446,23.8966,74.1848,42.9737,16.0156,0.00768167,0.42705,1.27643,0.237472,0.73721,0.42705,16.0156,77.7863,4324.4,12925.4,2404.7,7465.16,4324.4
16.1133,8.07898,35.0252,65.6236,17.3087,126.615,35.0252,16.1133,0.0797981,0.345953,0.648181,0.170963,1.25061,0.345953,16.1133,817.938,3546.05,6643.91,1752.38,12818.9,3546.05
16.2109,22.0053,37.9402,83.2882,120.456,125.54,83.2882,16.2109,0.216043,0.372488,0.817703,1.1826,1.23253,0.817703,16.2109,2241.38,3864.45,8483.43,12269.2,12787.1,8483.43
16.3086,9.44941,29.2086,51.7155,124.854,117.191,51.7155,16.3086,0.0922164,0.285046,0.504689,1.21845,1.14367,0.504689,16.3086,968.28,2993,5299.28,12793.8,12008.6,5299.28
16.4063,17.6159,34.7079,113.882,82.8241,111.044,82.8241,16.4063,0.17089,0.336697,1.10475,0.803466,1.07722,0.803466,16.4063,1815.91,3577.81,11739.3,8537.8,11446.8,8537.8
16.5039,7.53715,17.2005,69.18,85.1159,101.846,69.18,16.5039,0.0726843,0.165872,0.667135,0.820813,0.982154,0.667135,16.5039,781.581,1783.64,7173.77,8826.27,10561.2,7173.77
16.6016,15.7315,35.1274,126.309,59.7969,124.393,59.7969,16.6016,0.150814,0.336758,1.21089,0.573258,1.19252,0.573258,16.6016,1640.96,3664.17,13175.4,6237.46,12975.5,6237.46
16.6992,20.2357,60.638,130.057,67.1277,27.0699,60.638,16.6992,0.19286,0.577922,1.23953,0.639772,0.257995,0.577922,16.6992,2123.21,6362.4,13646.2,7043.32,2840.29,6362.4
16.7969,25.2843,97.6996,152.467,14.9945,37.6453,37.6453,16.7969,0.239576,0.92573,1.44467,0.142077,0.356699,0.356699,16.7969,2668.45,10311,16091.1,1582.48,3973.01,3973.01
16.8945,15.7993,51.544,153.877,55.4182,114.604,55.4182,16.8945,0.148838,0.48557,1.4496,0.522067,1.07963,0.522067,16.8945,1677.12,5471.47,16334.2,5882.72,12165.4,5882.72
16.9922,19.2535,42.913,57.8588,7.79712,106.818,42.913,16.9922,0.180335,0.401938,0.541926,0.0730307,1.00049,0.401938,16.9922,2055.6,4581.61,6177.3,832.46,11404.4,4581.61
17.0898,1.88583,58.0297,120.845,28.9641,88.1452,58.0297,17.0898,0.0175624,0.540421,1.12541,0.269738,0.820882,0.540421,17.0898,202.497,6231.15,12976.2,3110.12,9464.91,6231.15
17.1875,27.3106,39.8174,77.4414,50.6411,76.6039,50.6411,17.1875,0.252894,0.368706,0.717102,0.468933,0.709346,0.468933,17.1875,2949.34,4299.97,8363.07,5468.85,8272.63,5468.85
17.2852,19.4237,61.6224,18.07,22.2292,130.391,22.2292,17.2852,0.178845,0.567395,0.166382,0.204677,1.20059,0.204677,17.2852,2109.52,6692.55,1962.51,2414.22,14161.2,2414.22
17.3828,30.9284,56.0281,86.3428,70.3534,253.145,70.3534,17.3828,0.283177,0.512987,0.790544,0.644147,2.31776,0.644147,17.3828,3377.99,6119.36,9430.31,7683.96,27648.3,7683.96
17.4805,33.8211,107.633,44.7796,37.2239,138.548,44.7796,17.4805,0.307932,0.979965,0.407706,0.338914,1.26144,0.407706,17.4805,3714.68,11821.6,4918.28,4088.42,15217.2,4918.28
17.5781,13.2108,51.0104,87.0069,12.6725,106.298,51.0104,17.5781,0.119612,0.461856,0.787773,0.114738,0.962442,0.461856,17.5781,1459.08,5633.93,9609.62,1399.63,11740.3,5633.93
17.6758,13.2548,10.8173,61.4677,67.0155,107.639,61.4677,17.6758,0.119348,0.0974007,0.553463,0.603416,0.969193,0.553463,17.6758,1472.09,1201.38,6826.61,7442.76,11954.4,6826.61
17.7734,5.83274,62.7391,38.8466,97.2495,248.109,62.7391,17.7734,0.0522302,0.561807,0.347857,0.870836,2.22173,0.561807,17.7734,651.365,7006.32,4338.14,10860.2,27707.3,7006.32
17.8711,29.2766,76.6603,134.406,64.3814,113.424,76.6603,17.8711,0.260729,0.682715,1.19698,0.573363,1.01012,0.682715,17.8711,3287.39,8607.98,15092.1,7229.22,12736.1,8607.98
17.9688,19.8829,45.9731,106.632,54.9933,269.691,54.9933,17.9688,0.176109,0.407198,0.94447,0.487093,2.38874,0.487093,17.9688,2244.8,5190.4,12038.8,6208.8,30448.4,6208.8
18.0664,4.77229,10.238,133.274,73.4375,30.9344,30.9344,18.0664,0.0420412,0.0901911,1.17407,0.646944,0.272515,0.272515,18.0664,541.725,1162.16,15128.5,8336.23,3511.51,3511.51
18.1641,19.2707,66.0637,55.6296,87.8688,96.829,66.0637,18.1641,0.168851,0.578856,0.487431,0.769913,0.848423,0.578856,18.1641,2199.32,7539.73,6348.91,10028.3,11050.9,7539.73
18.2617,16.9258,25.4847,49.314,92.0464,79.9048,49.314,18.2617,0.147512,0.222105,0.429783,0.802205,0.696388,0.429783,18.2617,1942.1,2924.16,5658.38,10561.6,9168.41,5658.38
18.3594,12.2534,95.6371,66.6695,103.758,41.304,66.6695,18.3594,0.106223,0.829065,0.577949,0.899466,0.358059,0.577949,18.3594,1413.5,11032.3,7690.68,11969.1,4764.64,7690.68
18.457,13.4222,79.6778,84.62,79.9209,81.8166,79.9209,18.457,0.11574,0.687062,0.729678,0.689158,0.705505,0.689158,18.457,1556.56,9240.15,9813.29,9268.34,9488.19,9268.34
18.5547,8.06197,22.1251,218.512,96.4702,99.794,96.4702,18.5547,0.0691525,0.18978,1.87431,0.827484,0.855995,0.827484,18.5547,939.885,2579.4,25474.7,11246.7,11634.2,11246.7
18.6523,5.27489,103.522,194.531,51.3104,123.287,103.522,18.6523,0.045009,0.883321,1.65988,0.437817,1.05197,0.883321,18.6523,618.196,12132.4,22798.3,6013.38,14448.7,12132.4
18.75,15.5202,77.3234,193.063,64.5683,104.583,77.3234,18.75,0.13174,0.656341,1.63877,0.548072,0.887724,0.656341,18.75,1828.44,9109.44,22744.7,7606.77,12320.8,9109.44
18.8477,10.8815,89.4983,25.6425,39.1186,32.2236,32.2236,18.8477,0.0918866,0.755749,0.216532,0.330328,0.272105,0.272105,18.8477,1288.63,10598.7,3036.67,4632.55,3816.02,3816.02
18.9453,8.14751,176.493,10.157,43.2444,120.14,43.2444,18.9453,0.0684452,1.48268,0.0853268,0.363285,1.00927,0.363285,18.9453,969.854,21009.2,1209.06,5147.68,14301.1,5147.68
19.043,13.8379,60.2013,156.708,55.8235,111.698,60.2013,19.043,0.115653,0.503143,1.30971,0.466555,0.933535,0.503143,19.043,1655.71,7203.11,18750.2,6679.31,13364.7,7203.11
19.1406,21.1651,70.3111,52.8268,28.1068,65.0208,52.8268,19.1406,0.175989,0.584639,0.439257,0.233709,0.54065,0.439257,19.1406,2545.41,8455.9,6353.17,3380.24,7819.66,6353.17
19.2383,3.44382,73.8701,56.1401,42.2215,46.1123,46.1123,19.2383,0.0284901,0.611114,0.464437,0.349291,0.381479,0.381479,19.2383,416.281,8929.24,6786.08,5103.64,5573.95,5573.95
19.3359,6.82808,40.7521,64.2256,28.8779,115.01,40.7521,19.3359,0.0562022,0.335432,0.528643,0.237695,0.946656,0.335432,19.3359,829.552,4951.02,7802.85,3508.41,13972.8,4951.02
19.4336,15.8904,28.3665,166.566,45.3228,74.4477,45.3228,19.4336,0.130138,0.232313,1.36412,0.371179,0.609703,0.371179,19.4336,1940.3,3463.69,20338.5,5534.14,9090.43,5534.14
19.5313,19.7102,38.9266,88.4066,5.99752,129.548,38.9266,19.5313,0.160613,0.317203,0.720402,0.0488722,1.05565,0.317203,19.5313,2418.8,4777.02,10849.1,736.006,15897.9,4777.02
19.6289,6.8798,14.8889,66.0707,25.1645,170.037,25.1645,19.6289,0.0557827,0.120722,0.535714,0.204039,1.37869,0.204039,19.6289,848.499,1836.27,8148.63,3103.59,20971,3103.59
19.7266,17.1024,4.23444,129.141,64.545,212.301,64.545,19.7266,0.137983,0.0341637,1.04192,0.520753,1.71285,0.520753,19.7266,2119.77,524.84,16006.5,8000.08,26313.8,8000.08
19.8242,18.1545,19.282,167.586,21.6931,25.181,21.6931,19.8242,0.14575,0.154802,1.34543,0.174159,0.202161,0.174159,19.8242,2261.31,2401.75,20874.4,2702.08,3136.53,2702.08
19.9219,30.7721,12.0518,55.6714,70.5636,84.5156,55.6714,19.9219,0.245837,0.0962811,0.444756,0.563729,0.675192,0.444756,19.9219,3851.83,1508.56,6968.55,8832.64,10579.1,6968.55
20.0195,13.1642,14.4786,76.8993,61.2001,175.682,61.2001,20.0195,0.104655,0.115104,0.611348,0.48654,1.39667,0.48654,20.0195,1655.87,1821.21,9672.89,7698.14,22098.4,7698.14
20.1172,15.9305,6.91934,28.559,15.6851,44.0622,15.9305,20.1172,0.126032,0.0547416,0.225941,0.124091,0.348593,0.126032,20.1172,2013.61,874.605,3609.86,1982.6,5569.46,2013.61
20.2148,16.3149,17.5548,62.0383,32.5417,36.9639,32.5417,20.2148,0.12845,0.138212,0.488438,0.256206,0.291024,0.256206,20.2148,2072.21,2229.7,7879.71,4133.23,4694.92,4133.23
20.3125,23.1329,23.8979,33.458,36.2467,88.8739,33.458,20.3125,0.181254,0.187247,0.262154,0.284004,0.696356,0.262154,20.3125,2952.39,3050.02,4270.14,4626.06,11342.7,4270.14
20.4102,14.2771,24.7994,79.3263,25.6599,70.4398,25.6599,20.4102,0.111331,0.193381,0.618573,0.200091,0.549277,0.200091,20.4102,1830.91,3180.29,10172.9,3290.64,9033.25,3290.64
20.5078,27.3712,9.46589,78.0689,16.8343,87.0489,27.3712,20.5078,0.21242,0.0734619,0.605869,0.130646,0.67556,0.21242,20.5078,3526.91,1219.72,10059.5,2169.18,11216.6,3526.91
20.6055,8.55725,26.232,54.0305,15.6785,83.3396,26.232,20.6055,0.0660955,0.202614,0.417327,0.1211,0.643708,0.202614,20.6055,1107.89,3396.2,6995.22,2029.86,10789.8,3396.2
20.7031,5.63058,3.23426,33.9658,22.8566,99.9305,22.8566,20.7031,0.043285,0.0248633,0.261112,0.17571,0.768214,0.17571,20.7031,732.435,420.718,4418.33,2973.22,12999.1,2973.22
20.8008,8.80752,13.4647,90.4771,52.2046,210.802,52.2046,20.8008,0.0673898,0.103024,0.692276,0.399438,1.61293,0.399438,20.8008,1151.1,1759.77,11824.9,6822.89,27550.8,6822.89
20.8984,11.7846,23.8128,25.3008,26.6764,104.343,25.3008,20.8984,0.0897471,0.181349,0.192681,0.203158,0.794641,0.192681,20.8984,1547.42,3126.82,3322.21,3502.84,13701.2,3322.21
20.9961,4.57991,16.1355,157.396,32.5835,79.7206,32.5835,20.9961,0.0347167,0.12231,1.1931,0.24699,0.604299,0.24699,20.9961,604.192,2128.63,20764.1,4298.5,10516.9,4298.5
21.0938,15.9355,6.11517,41.4456,7.96709,53.9679,15.9355,21.0938,0.120235,0.0461397,0.312712,0.0601127,0.407195,0.120235,21.0938,2112.03,810.48,5493.03,1055.93,7152.69,2112.03
21.1914,7.34856,9.96746,119.731,57.1747,28.3183,28.3183,21.1914,0.0551902,0.0748592,0.899225,0.429402,0.212681,0.212681,21.1914,978.457,1327.16,15942.2,7612.78,3770.57,3770.57
21.2891,11.7646,34.9842,60.3397,70.4438,122.189,60.3397,21.2891,0.0879512,0.261539,0.451093,0.526631,0.913477,0.451093,21.2891,1573.67,4679.6,8071.22,9422.78,16344.4,8071.22
21.3867,12.3958,34.1717,65.4114,34.2508,129.256,34.2508,21.3867,0.0922464,0.254298,0.486776,0.254886,0.961895,0.254886,21.3867,1665.7,4591.88,8789.77,4602.51,17369,4602.51
21.4844,9.48103,6.96668,73.074,48.7134,96.7365,48.7134,21.4844,0.0702349,0.0516087,0.541328,0.360866,0.716618,0.360866,21.4844,1279.85,940.434,9864.28,6575.84,13058.5,6575.84
21.582,12.9263,16.0041,63.8626,61.9871,81.8962,61.9871,21.582,0.0953242,0.118021,0.47095,0.457119,0.603937,0.457119,21.582,1752.86,2170.21,8660.02,8405.7,11105.4,8405.7
21.6797,9.63371,14.6943,59.3464,64.3246,61.0386,59.3464,21.6797,0.070723,0.107874,0.435674,0.47222,0.448097,0.435674,21.6797,1312.28,2001.62,8084.02,8762.13,8314.53,8084.02
21.7773,18.9911,19.0551,85.0891,39.159,134.829,39.159,21.7773,0.138792,0.13926,0.621855,0.286185,0.985371,0.286185,21.7773,2598.57,2607.33,11642.8,5358.16,18448.8,5358.16
21.875,17.9338,37.7452,56.351,46.1819,191.533,46.1819,21.875,0.13048,0.274621,0.40999,0.336004,1.39352,0.336004,21.875,2464.9,5187.87,7745.14,6347.46,26325.1,6347.46
21.9727,6.81737,18.4789,71.5567,37.315,140.025,37.315,21.9727,0.0493803,0.133849,0.518308,0.270285,1.01425,0.270285,21.9727,941.194,2551.17,9879,5151.65,19331.7,5151.65
22.0703,14.7459,17.4799,74.2558,36.293,89.6986,36.293,22.0703,0.106337,0.126052,0.535478,0.261719,0.646841,0.261719,22.0703,2044.84,2423.97,10297.2,5032.82,12438.7,5032.82
22.168,4.01177,9.8433,74.2456,12.9603,150.256,12.9603,22.168,0.0288025,0.07067,0.533046,0.0930485,1.07877,0.0930485,22.168,558.781,1371.03,10341.3,1805.18,20928.5,1805.18
22.2656,11.7369,6.85449,50.1205,5.912,77.264,11.7369,22.2656,0.0838956,0.048996,0.358262,0.042259,0.552284,0.0838956,22.2656,1641.98,958.936,7011.82,827.083,10809.2,1641.98
22.3633,6.91575,6.74914,67.908,14.7235,209.052,14.7235,22.3633,0.049218,0.0480323,0.483287,0.104784,1.48778,0.104784,22.3633,971.75,948.34,9541.93,2068.84,29374.5,2068.84
22.4609,11.7461,14.6126,102.855,32.3697,115.07,32.3697,22.4609,0.0832309,0.103543,0.728818,0.229367,0.815367,0.229367,22.4609,1657.68,2062.22,14515.6,4568.21,16239.4,4568.21
22.5586,16.0183,35.7756,47.2237,19.5064,44.4034,35.7756,22.5586,0.113012,0.252404,0.333172,0.137621,0.313274,0.252404,22.5586,2270.43,5070.83,6693.48,2764.83,6293.74,5070.83
22.6563,8.98431,0.929242,65.7594,18.3297,121.716,18.3297,22.6563,0.0631127,0.00652771,0.461945,0.128762,0.855026,0.128762,22.6563,1278.95,132.281,9361.07,2609.29,17326.7,2609.29
22.7539,10.9865,30.4879,52.4991,10.5562,106.793,30.4879,22.7539,0.0768464,0.213251,0.367211,0.0738368,0.746978,0.213251,22.7539,1570.71,4358.77,7505.64,1509.19,15267.9,4358.77
22.8516,2.31546,19.9965,71.8492,36.0174,38.1673,36.0174,22.8516,0.0161266,0.13927,0.50041,0.250851,0.265825,0.250851,22.8516,332.455,2871.1,10316.1,5171.4,5480.08,5171.4
22.9492,14.3314,32.5495,19.7242,25.4229,47.2428,25.4229,22.9492,0.0993896,0.225734,0.136789,0.17631,0.327633,0.17631,22.9492,2066.51,4693.45,2844.12,3665.83,6812.13,3665.83
23.0469,17.8342,26.1568,75.8324,24.3537,60.2651,26.1568,23.0469,0.123158,0.180631,0.523677,0.16818,0.416173,0.180631,23.0469,2582.53,3787.71,10981.1,3526.61,8726.86,3787.71
23.1445,18.9781,38.1895,63.5786,29.479,164.462,38.1895,23.1445,0.130504,0.262613,0.437203,0.202714,1.13094,0.262613,23.1445,2759.82,5553.57,9245.69,4286.88,23916.3,5553.57
23.2422,2.11216,41.3713,116.978,30.4348,160.156,41.3713,23.2422,0.0144634,0.283297,0.801025,0.208407,1.09669,0.283297,23.2422,308.449,6041.65,17082.8,4444.54,23388.3,6041.65
23.3398,12.0008,25.7944,26.2393,10.9111,99.0709,25.7944,23.3398,0.081834,0.175893,0.178926,0.0744031,0.675567,0.175893,23.3398,1759.9,3782.72,3847.96,1600.1,14528.6,3782.72
23.4375,15.0892,19.1034,17.1428,37.884,135.511,19.1034,23.4375,0.102465,0.129724,0.11641,0.257255,0.9202,0.129724,23.4375,2222.07,2813.21,2524.49,5578.87,19955.6,2813.21
23.5352,4.81209,42.4789,94.5194,13.3745,100.601,42.4789,23.5352,0.0325415,0.287261,0.639181,0.0904444,0.68031,0.287261,23.5352,711.592,6281.6,13977.1,1977.77,14876.5,6281.6
23.6328,8.00455,26.2236,16.2607,29.3427,60.3592,26.2236,23.6328,0.0539065,0.176603,0.109508,0.197608,0.406489,0.176603,23.6328,1188.59,3893.92,2414.55,4357.08,8962.7,3893.92
23.7305,1.58857,14.6713,57.1924,41.886,163.826,41.886,23.7305,0.0106542,0.098397,0.383576,0.28092,1.09874,0.28092,23.7305,236.861,2187.53,8527.55,6245.33,24426.9,6245.33
23.8281,5.21837,29.7397,81.9358,39.3052,66.4693,39.3052,23.8281,0.034855,0.19864,0.547273,0.262531,0.443968,0.262531,23.8281,781.276,4452.52,12267.1,5884.64,9951.55,5884.64
23.9258,5.86333,22.2062,73.2902,16.815,70.4818,22.2062,23.9258,0.039003,0.147716,0.487529,0.111854,0.468847,0.147716,23.9258,881.434,3338.26,11017.7,2527.8,10595.5,3338.26
24.0234,4.28409,11.1596,50.0153,46.6249,112.984,46.6249,24.0234,0.028382,0.0739324,0.331351,0.308889,0.748516,0.308889,24.0234,646.656,1684.48,7549.5,7037.73,17054.2,7037.73
24.1211,13.6527,30.6815,21.751,22.2121,75.9821,22.2121,24.1211,0.090083,0.202441,0.143517,0.146559,0.501342,0.146559,24.1211,2069.17,4650,3296.53,3366.4,11515.6,3366.4
24.2188,6.48082,19.3619,37.1821,22.1077,141.736,22.1077,24.2188,0.0425891,0.127238,0.244344,0.145282,0.931429,0.145282,24.2188,986.192,2946.31,5658.03,3364.15,21568.1,3364.15
24.3164,1.65056,21.5812,45.6331,16.5952,144.628,21.5812,24.3164,0.0108032,0.141252,0.298676,0.108619,0.946614,0.141252,24.3164,252.18,3297.27,6972.03,2535.5,22096.9,3297.27
24.4141,8.72616,27.1366,32.277,26.3778,27.5723,27.1366,24.4141,0.0568857,0.176903,0.210413,0.171956,0.179743,0.176903,24.4141,1338.58,4162.71,4951.23,4046.3,4229.53,4162.71
24.5117,5.8296,35.7366,59.7204,27.4405,7.04377,27.4405,24.5117,0.0378516,0.232038,0.387765,0.178172,0.0457353,0.178172,24.5117,897.826,5503.86,9197.64,4226.16,1084.82,4226.16
24.6094,2.06648,44.6366,30.0259,25.3853,40.0902,30.0259,24.6094,0.0133644,0.288676,0.194185,0.164173,0.259274,0.194185,24.6094,319.529,6901.95,4642.76,3925.22,6198.96,4642.76
24.707,0.691787,15.6221,41.1627,19.3251,51.3387,19.3251,24.707,0.00445627,0.100632,0.265157,0.124486,0.330708,0.124486,24.707,107.392,2425.15,6390.05,3000,7969.77,3000
24.8047,4.85832,36.1527,34.4743,22.0246,95.0284,34.4743,24.8047,0.0311725,0.231967,0.221199,0.141317,0.609733,0.221199,24.8047,757.181,5634.49,5372.91,3432.58,14810.4,5372.91
24.9023,1.67553,60.0955,52.9532,25.2491,114.437,52.9532,24.9023,0.0107086,0.38408,0.338432,0.161371,0.731385,0.338432,24.9023,262.163,9402.91,8285.37,3950.62,17905.5,8285.37
25,7.11087,21.5345,19.5916,5.53412,70.9872,19.5916,25,0.0452692,0.137093,0.124724,0.0352313,0.451919,0.124724,25,1116.97,3382.63,3077.44,869.297,11150.6,3077.44
25.0977,5.5653,16.6722,39.4082,14.6553,48.618,16.6722,25.0977,0.0352919,0.105726,0.249904,0.0929357,0.308308,0.105726,25.0977,877.61,2629.09,6214.41,2311.05,7666.73,2629.09
25.1953,1.81139,16.991,5.33789,31.753,72.2671,16.991,25.1953,0.0114423,0.107329,0.0337186,0.200579,0.4565,0.107329,25.1953,286.755,2689.79,845.024,5026.72,11440.4,2689.79
25.293,2.95766,23.5959,27.3223,28.0796,47.8314,27.3223,25.293,0.018611,0.148476,0.171925,0.17669,0.300977,0.171925,25.293,470.033,3749.88,4342.08,4462.42,7601.38,4342.08
25.3906,4.07517,12.8291,55.3247,13.3817,58.8285,13.3817,25.3906,0.0255442,0.0804159,0.346789,0.0838802,0.368752,0.0838802,25.3906,650.128,2046.67,8826.17,2134.84,9385.15,2134.84
25.4883,2.37407,9.02256,38.3686,15.6402,92.8285,15.6402,25.4883,0.0148243,0.0563391,0.239582,0.0976613,0.579643,0.0976613,25.4883,380.202,1444.94,6144.63,2504.74,14866.3,2504.74
25.5859,4.28818,34.1507,60.1084,31.6762,30.2982,31.6762,25.5859,0.0266742,0.212432,0.373898,0.197039,0.188467,0.197039,25.5859,689.373,5490.11,9663.09,5092.31,4870.78,5092.31
25.6836,2.17821,33.7458,50.362,26.3989,95.678,33.7458,25.6836,0.0134978,0.209114,0.312081,0.163588,0.592893,0.209114,25.6836,351.508,5445.72,8127.16,4260.12,15440,5445.72
25.7813,2.91727,10.142,44.2298,11.1134,35.9663,11.1134,25.7813,0.0180091,0.0626093,0.273043,0.0686063,0.22203,0.0686063,25.7813,472.563,1642.88,7164.71,1800.24,5826.12,1800.24
25.8789,7.4094,11.4558,61.23,12.9414,115.586,12.9414,25.8789,0.0455677,0.0704531,0.376564,0.0795893,0.710851,0.0795893,25.8789,1204.78,1862.74,9956.11,2104.29,18794.5,2104.29
25.9766,2.94481,14.9685,16.1449,10.0843,119.825,14.9685,25.9766,0.0180424,0.0917097,0.0989177,0.0617853,0.734151,0.0917097,25.9766,480.638,2443.08,2635.1,1645.92,19557.3,2443.08
26.0742,4.91901,1.50676,28.8833,10.8119,54.0339,10.8119,26.0742,0.0300252,0.00919715,0.176301,0.065995,0.329819,0.065995,26.0742,805.877,246.851,4731.93,1771.31,8852.33,1771.31
26.1719,4.94422,21.655,64.676,23.8563,49.794,23.8563,26.1719,0.0300665,0.131687,0.393304,0.145074,0.302805,0.145074,26.1719,813.042,3561.01,10635.5,3923,8188.27,3923
26.2695,3.20795,5.0427,18.4842,57.3775,55.5319,18.4842,26.2695,0.0194355,0.0305514,0.111987,0.347624,0.336442,0.111987,26.2695,529.493,832.33,3050.94,9470.51,9165.89,3050.94
26.3672,4.0909,11.7594,14.0772,20.6009,113.556,14.0772,26.3672,0.0246931,0.0709809,0.0849711,0.124349,0.685436,0.0849711,26.3672,677.739,1948.18,2332.16,3412.95,18812.8,2332.16
26.4648,3.27445,7.38603,13.8019,26.6461,137.938,13.8019,26.4648,0.0196919,0.0444183,0.0830019,0.160245,0.829534,0.0830019,26.4648,544.486,1228.17,2295.02,4430.81,22936.8,2295.02
26.5625,3.54994,2.12455,38.9879,42.5106,95.8476,38.9879,26.5625,0.0212703,0.0127297,0.233604,0.254712,0.574291,0.233604,26.5625,592.475,354.581,6506.96,7094.9,15996.7,6506.96
26.6602,6.61419,10.1622,64.6803,29.5862,57.5004,29.5862,26.6602,0.0394852,0.0606661,0.386126,0.176623,0.343264,0.176623,26.6602,1107.95,1702.28,10834.6,4956.01,9631.93,4956.01
26.7578,3.27699,5.71114,48.5578,25.5029,109.32,25.5029,26.7578,0.0194914,0.0339697,0.288821,0.151691,0.650235,0.151691,26.7578,550.941,960.181,8163.75,4287.65,18379.4,4287.65
26.8555,3.68235,13.1362,43.8676,13.5587,45.433,13.5587,26.8555,0.0218229,0.0778495,0.259975,0.0803536,0.269252,0.0803536,26.8555,621.352,2216.57,7402.12,2287.87,7666.28,2287.87
26.9531,1.965,12.649,24.8855,11.5067,114.261,12.649,26.9531,0.0116031,0.0746907,0.146946,0.0679455,0.674697,0.0746907,26.9531,332.775,2142.12,4214.39,1948.67,19350.3,2142.12
27.0508,4.40973,7.04933,37.6878,12.3749,73.2482,12.3749,27.0508,0.0259449,0.0414752,0.221739,0.0728087,0.43096,0.0728087,27.0508,749.5,1198.14,6405.61,2103.31,12449.6,2103.31
27.1484,4.4237,11.0869,27.7777,31.26,62.4905,27.7777,27.1484,0.0259335,0.0649958,0.162844,0.183259,0.366344,0.162844,27.1484,754.589,1891.19,4738.28,5332.29,10659.6,4738.28
27.2461,3.65629,6.54552,26.6858,25.1309,65.4789,25.1309,27.2461,0.0213578,0.0382349,0.155882,0.146799,0.382488,0.146799,27.2461,625.928,1120.54,4568.39,4302.22,11209.5,4302.22
27.3438,2.20855,16.3511,29.9687,15.6425,102.347,16.3511,27.3438,0.0128549,0.0951721,0.174434,0.0910474,0.595714,0.0951721,27.3438,379.443,2809.22,5148.81,2687.47,17583.8,2809.22
27.4414,3.30921,10.5424,19.8532,29.4763,38.9985,19.8532,27.4414,0.0191928,0.061144,0.115145,0.170957,0.226184,0.115145,27.4414,570.573,1817.72,3423.08,5082.28,6724.09,3423.08
27.5391,5.26774,5.68431,18.9707,11.5759,28.3236,11.5759,27.5391,0.0304436,0.032851,0.109636,0.0668998,0.163689,0.0668998,27.5391,911.493,983.573,3282.55,2003.01,4900.92,2003.01
27.6367,0.423899,9.19185,7.81681,10.1696,54.0238,9.19185,27.6367,0.00244116,0.0529342,0.0450156,0.0585647,0.311114,0.0529342,27.6367,73.6087,1596.13,1357.36,1765.91,9381.06,1596.13
27.7344,2.74003,5.94548,7.87957,25.3063,44.2986,7.87957,27.7344,0.0157238,0.0341184,0.0452173,0.145222,0.254209,0.0452173,27.7344,477.479,1036.06,1373.1,4409.89,7719.48,1373.1
27.832,4.14349,4.49661,21.4235,18.0467,58.6725,18.0467,27.832,0.0236942,0.0257134,0.122508,0.103199,0.335513,0.103199,27.832,724.588,786.339,3746.4,3155.9,10260.3,3155.9
27.9297,4.98132,5.63462,24.9419,6.78768,128.027,6.78768,27.9297,0.0283856,0.0321084,0.14213,0.038679,0.729549,0.038679,27.9297,874.159,988.804,4377,1191.15,22467.1,1191.15
28.0273,1.11208,5.36299,29.608,13.5199,50.4718,13.5199,28.0273,0.00631501,0.030454,0.168131,0.0767737,0.286607,0.0767737,28.0273,195.838,944.427,5214.01,2380.87,8888.13,2380.87
28.125,1.06387,5.71159,37.3473,6.66746,8.41382,6.66746,28.125,0.00602028,0.032321,0.211342,0.0377301,0.0476125,0.0377301,28.125,188.002,1009.32,6599.81,1178.24,1486.85,1178.24
28.2227,1.32385,8.61734,65.8471,31.3572,56.1976,31.3572,28.2227,0.00746556,0.0485954,0.371329,0.176832,0.316913,0.176832,28.2227,234.757,1528.1,11676.5,5560.52,9965.42,5560.52
28.3203,2.31671,5.44133,51.8131,23.092,11.0434,11.0434,28.3203,0.0130195,0.0305793,0.29118,0.129773,0.0620618,0.0620618,28.3203,412.239,968.239,9219.71,4109.02,1965.08,1965.08
28.418,3.99797,0.211556,7.8328,18.7175,40.4206,7.8328,28.418,0.0223907,0.00118482,0.0438676,0.104828,0.226376,0.0438676,28.418,713.86,37.7744,1398.59,3342.12,7217.32,1398.59
28.5156,2.50434,9.45781,12.4176,2.65787,26.0557,9.45781,28.5156,0.0139776,0.0527871,0.0693066,0.0148344,0.145425,0.0527871,28.5156,448.701,1694.55,2224.85,476.207,4668.37,1694.55
28.6133,3.625,2.70216,48.3184,2.29032,50.4789,3.625,28.6133,0.0201633,0.0150301,0.26876,0.0127394,0.280778,0.0201633,28.6133,651.712,485.801,8686.8,411.76,9075.23,651.712
28.7109,2.72387,3.88863,35.1751,24.6787,26.6188,24.6787,28.7109,0.0150994,0.0215561,0.194988,0.136803,0.147558,0.136803,28.7109,491.376,701.494,6345.45,4451.95,4801.94,4451.95
28.8086,5.11675,2.87887,29.4813,4.63983,15.7046,5.11675,28.8086,0.0282678,0.0159045,0.162871,0.0256331,0.0867609,0.0282678,28.8086,926.181,521.104,5336.4,839.855,2842.68,926.181
28.9063,1.73893,5.69615,16.9989,24.8648,24.4534,16.9989,28.9063,0.00957439,0.0313624,0.0935943,0.136903,0.134638,0.0935943,28.9063,315.831,1034.55,3087.4,4516.03,4441.31,3087.4
29.0039,2.0032,4.67935,25.6735,13.2788,70.3295,13.2788,29.0039,0.0109923,0.0256773,0.14088,0.0728658,0.385923,0.0728658,29.0039,365.057,852.75,4678.66,2419.9,12816.6,2419.9
29.1016,0.674761,4.53123,19.8474,4.15682,19.6421,4.53123,29.1016,0.00369023,0.0247811,0.108544,0.0227334,0.107422,0.0247811,29.1016,123.38,828.538,3629.11,760.076,3591.58,828.538
29.1992,5.31748,3.40752,51.5649,13.7209,60.051,13.7209,29.1992,0.0289838,0.0185732,0.281062,0.0747882,0.327317,0.0747882,29.1992,975.567,625.157,9460.3,2517.3,11017.2,2517.3
29.2969,1.40994,5.41349,12.8288,13.3159,8.54227,8.54227,29.2969,0.00765947,0.0294087,0.0696926,0.0723385,0.0464058,0.0464058,29.2969,259.538,996.503,2361.5,2451.16,1572.44,1572.44
29.3945,1.82917,4.72499,14.3741,11.1844,51.0428,11.1844,29.3945,0.00990395,0.0255832,0.0778275,0.0605573,0.276368,0.0605573,29.3945,337.832,872.665,2654.76,2065.66,9427.15,2065.66
29.4922,3.50127,12.0454,52.0135,18.9011,14.9585,14.9585,29.4922,0.0188946,0.0650031,0.280691,0.102,0.0807239,0.0807239,29.4922,648.802,2232.07,9638.35,3502.46,2771.89,2771.89
29.5898,1.86603,9.92836,42.7793,7.38577,50.2699,9.92836,29.5898,0.0100368,0.0534017,0.230097,0.0397258,0.270387,0.0534017,29.5898,346.93,1845.87,7953.46,1373.15,9346.11,1845.87
29.6875,3.97686,2.09128,40.5473,8.78596,79.9516,8.78596,29.6875,0.02132,0.0112114,0.217374,0.0471016,0.428621,0.0471016,29.6875,741.812,390.091,7563.37,1638.86,14913.5,1638.86
29.7852,4.31036,1.18971,32.2975,9.00406,33.0169,9.00406,29.7852,0.0230321,0.00635716,0.17258,0.0481126,0.176424,0.0481126,29.7852,806.664,222.65,6044.34,1685.07,6178.97,1685.07
29.8828,1.54997,2.56996,40.1143,12.9008,52.5522,12.9008,29.8828,0.00825511,0.0136876,0.213647,0.068709,0.279891,0.068709,29.8828,291.022,482.535,7531.83,2422.24,9867.15,2422.24
29.9805,2.05708,1.30053,28.7808,15.4226,74.8816,15.4226,29.9805,0.0109202,0.006904,0.152786,0.081873,0.397518,0.081873,29.9805,387.497,244.984,5421.52,2905.21,14105.7,2905.21
30.0781,4.89207,0.878769,10.3541,4.4735,55.5169,4.89207,30.0781,0.0258858,0.00464991,0.0547874,0.023671,0.293761,0.0258858,30.0781,924.534,166.075,1956.78,845.43,10491.9,924.534
30.1758,2.40394,0.711987,24.0462,12.3083,31.98,12.3083,30.1758,0.012679,0.00375521,0.126826,0.0649172,0.168671,0.0649172,30.1758,455.787,134.993,4559.15,2333.65,6063.41,2333.65
30.2734,3.40302,2.95362,11.404,6.07828,27.5491,6.07828,30.2734,0.0178905,0.0155279,0.0599538,0.031955,0.144832,0.031955,30.2734,647.301,561.818,2169.2,1156.17,5240.21,1156.17
30.3711,3.49656,5.43027,11.3749,1.48941,33.676,5.43027,30.3711,0.0183232,0.0284565,0.0596084,0.007805,0.176474,0.0284565,30.3711,667.238,1036.24,2170.64,284.219,6426.29,1036.24
30.4688,1.08192,6.45539,17.0324,11.3325,78.7348,11.3325,30.4688,0.00565146,0.03372,0.0889695,0.0591959,0.411275,0.0591959,30.4688,207.124,1235.82,3260.69,2169.5,15073.1,2169.5
30.5664,1.97517,3.64099,21.1199,7.69921,57.5399,7.69921,30.5664,0.0102844,0.0189581,0.109968,0.0400887,0.299602,0.0400887,30.5664,379.34,699.269,4056.17,1478.67,11050.8,1478.67
30.6641,3.94243,5.56118,23.2564,15.8032,8.15472,8.15472,30.6641,0.0204623,0.0288641,0.120707,0.0820232,0.0423253,0.0423253,30.6641,759.579,1071.46,4480.76,3044.78,1571.15,1571.15
30.7617,2.12618,5.75979,16.3379,12.6324,85.4993,12.6324,30.7617,0.0110004,0.0298,0.0845288,0.0653574,0.442356,0.0653574,30.7617,410.952,1113.26,3157.81,2441.61,16525.4,2441.61
30.8594,1.9966,2.80482,48.0954,19.1137,62.9291,19.1137,30.8594,0.0102973,0.0144657,0.248049,0.0985777,0.324552,0.0985777,30.8594,387.131,543.841,9325.47,3706.06,12201.6,3706.06
30.957,0.483182,2.61669,10.7471,25.9659,50.5591,10.7471,30.957,0.00248411,0.0134528,0.0552527,0.133495,0.259932,0.0552527,30.957,93.9831,508.968,2090.41,5050.59,9834.19,2090.41
31.0547,3.5144,3.19985,24.3483,13.5164,37.424,13.5164,31.0547,0.0180113,0.0163992,0.124785,0.0692715,0.191797,0.0692715,31.0547,685.738,624.362,4750.9,2637.36,7302.25,2637.36
31.1523,1.71268,4.79707,17.9542,9.53935,43.4775,9.53935,31.1523,0.00874993,0.0245079,0.0917265,0.0487358,0.222123,0.0487358,31.1523,335.232,938.959,3514.28,1867.19,8510.11,1867.19
31.25,1.38404,4.46263,23.3781,7.62921,28.3233,7.62921,31.25,0.00704887,0.022728,0.119064,0.0388552,0.144249,0.0388552,31.25,271.756,876.236,4590.28,1497.99,5561.27,1497.99
31.3477,0.981688,6.63473,34.3606,10.184,30.2088,10.184,31.3477,0.00498412,0.0336851,0.174452,0.0517049,0.153373,0.0517049,31.3477,193.356,1306.8,6767.76,2005.86,5950.02,2005.86
31.4453,1.83621,6.59565,21.3996,13.4308,30.4436,13.4308,31.4453,0.00929363,0.0333827,0.108311,0.0679778,0.154085,0.0679778,31.4453,362.791,1303.15,4228.07,2653.62,6014.95,2653.62
31.543,1.24924,3.56242,19.3572,19.9951,38.9421,19.3572,31.543,0.00630323,0.0179748,0.0976698,0.100889,0.196488,0.0976698,31.543,247.587,706.038,3836.41,3962.84,7717.94,3836.41
31.6406,1.10068,3.236,23.2002,14.358,30.4955,14.358,31.6406,0.00553653,0.0162774,0.116699,0.072222,0.153395,0.072222,31.6406,218.82,643.33,4612.28,2854.43,6062.63,2854.43
31.7383,3.38734,3.17632,40.2023,16.9373,17.8665,16.9373,31.7383,0.0169862,0.015928,0.201599,0.0849338,0.0895934,0.0849338,31.7383,675.495,633.414,8017.04,3377.59,3562.89,3377.59
31.8359,1.26651,3.82989,22.0874,15.3427,19.0435,15.3427,31.8359,0.00633158,0.0191465,0.11042,0.0767018,0.0952025,0.0767018,31.8359,253.342,766.097,4418.18,3069.03,3809.29,3069.03
31.9336,1.29425,2.89562,17.7824,6.65881,33.1764,6.65881,31.9336,0.00645044,0.0144316,0.0886264,0.0331871,0.165349,0.0331871,31.9336,259.684,580.991,3567.95,1336.05,6656.67,1336.05
32.0313,4.01495,5.03276,16.2231,10.1974,21.7637,10.1974,32.0313,0.0199493,0.0250065,0.0806086,0.0506685,0.108138,0.0506685,32.0313,808.043,1012.88,3265.04,2052.32,4380.13,2052.32
32.1289,3.72871,3.66397,13.396,14.3581,34.5109,13.396,32.1289,0.0184707,0.01815,0.0663588,0.071125,0.170954,0.0663588,32.1289,752.721,739.652,2704.27,2898.5,6966.78,2704.27
32.2266,3.10758,4.29157,15.9029,0.938686,20.3819,4.29157,32.2266,0.0153472,0.0211945,0.0785387,0.00463582,0.100658,0.0211945,32.2266,629.241,868.981,3220.12,190.07,4127.03,868.981
32.3242,5.21589,8.15441,23.3055,6.00962,38.7534,8.15441,32.3242,0.0256815,0.0401499,0.114749,0.0295896,0.19081,0.0401499,32.3242,1059.34,1656.15,4733.33,1220.55,7870.77,1656.15
32.4219,0.236261,3.47343,29.0609,15.2098,13.1776,13.1776,32.4219,0.00115978,0.0170506,0.142656,0.074663,0.0646874,0.0646874,32.4219,48.1294,707.582,5920.07,3098.43,2684.45,2684.45
32.5195,0.852614,4.83019,25.2591,19.759,44.6271,19.759,32.5195,0.00417281,0.0236396,0.123622,0.0967032,0.218411,0.0967032,32.5195,174.211,986.935,5161.1,4037.28,9118.49,4037.28
32.6172,2.83312,1.47197,7.50592,13.1364,25.1582,7.50592,32.6172,0.0138242,0.00718246,0.036625,0.0640988,0.122759,0.036625,32.6172,580.62,301.666,1538.26,2692.17,5155.92,1538.26
32.7148,0.853128,2.08913,39.9266,21.9004,11.6279,11.6279,32.7148,0.00415039,0.0101634,0.194239,0.106544,0.0565687,0.0565687,32.7148,175.363,429.427,8207.04,4501.71,2390.15,2390.15
32.8125,1.03296,3.84085,10.448,1.52725,24.2527,3.84085,32.8125,0.00501029,0.0186298,0.0506772,0.00740784,0.117636,0.0186298,32.8125,212.962,791.858,2154.03,314.869,5000.11,791.858
32.9102,4.09611,2.58256,7.34109,2.27399,7.36232,4.09611,32.9102,0.019809,0.0124894,0.0355019,0.0109971,0.0356045,0.019809,32.9102,846.996,534.023,1518,470.217,1522.39,846.996
33.0078,2.30025,6.88901,15.7579,5.65152,6.23959,6.23959,33.0078,0.0110912,0.033217,0.0759804,0.0272501,0.0300857,0.0300857,33.0078,477.059,1428.74,3268.1,1172.09,1294.05,1294.05
33.1055,2.41426,1.25481,20.0757,12.9628,38.7833,12.9628,33.1055,0.0116066,0.00603251,0.096514,0.062319,0.186451,0.062319,33.1055,502.185,261.01,4175.9,2696.37,8067.23,2696.37
33.2031,5.49041,4.82679,19.0127,10.5265,22.1399,10.5265,33.2031,0.0263176,0.0231366,0.0911347,0.0504574,0.106125,0.0504574,33.2031,1145.42,1006.97,3966.45,2196.05,4618.86,2196.05
33.3008,2.78566,0.894532,20.872,2.71126,28.0573,2.78566,33.3008,0.0133135,0.00427525,0.0997538,0.012958,0.134095,0.0133135,33.3008,582.858,187.167,4367.15,567.291,5870.57,582.858
33.3984,1.25735,5.40901,27.1907,12.3068,27.7388,12.3068,33.3984,0.0059917,0.0257758,0.129573,0.0586461,0.132185,0.0586461,33.3984,263.853,1135.07,5705.94,2582.57,5820.94,2582.57
33.4961,3.32292,4.03097,15.9168,21.3435,13.0836,13.0836,33.4961,0.0157887,0.0191529,0.0756277,0.101413,0.0621659,0.0621659,33.4961,699.349,848.366,3349.88,4492.01,2753.6,2753.6
33.5938,1.36467,2.0297,23.3061,6.78456,21.6132,6.78456,33.5938,0.00646531,0.00961599,0.110416,0.0321428,0.102395,0.0321428,33.5938,288.049,428.421,4919.35,1432.06,4562.02,1432.06
33.6914,1.0702,8.9136,7.88536,21.9168,19.3597,8.9136,33.6914,0.00505552,0.042107,0.0372497,0.103533,0.0914532,0.042107,33.6914,226.55,1886.91,1669.25,4639.56,4098.23,1886.91
33.7891,2.17358,0.645664,16.0099,12.9741,23.5591,12.9741,33.7891,0.0102381,0.00304124,0.0754105,0.0611112,0.110969,0.0611112,33.7891,461.458,137.076,3398.94,2754.44,5001.67,2754.44
33.8867,1.74131,9.6942,32.4132,6.94887,16.2773,9.6942,33.8867,0.00817836,0.0455305,0.152234,0.0326366,0.0764494,0.0455305,33.8867,370.753,2064.06,6901.3,1479.53,3465.71,2064.06
33.9844,3.9872,7.19814,19.3055,4.12674,19.9108,7.19814,33.9844,0.0186728,0.0337102,0.0904111,0.0193263,0.093246,0.0337102,33.9844,851.388,1537.02,4122.31,881.184,4251.56,1537.02
34.082,0.985342,10.4972,13.4855,12.1976,31.536,12.1976,34.082,0.00460131,0.0490192,0.0629743,0.0569599,0.147265,0.0569599,34.082,211.005,2247.9,2887.85,2612.04,6753.23,2612.04
34.1797,1.90241,4.20545,7.1225,10.048,32.5287,7.1225,34.1797,0.00885842,0.0195823,0.0331653,0.0467877,0.151467,0.0331653,34.1797,408.557,903.152,1529.61,2157.88,6985.78,1529.61
34.2773,1.37341,7.16266,10.4836,11.3372,20.3352,10.4836,34.2773,0.00637697,0.0332573,0.0486768,0.0526401,0.0944193,0.0486768,34.2773,295.793,1542.63,2257.86,2441.69,4379.6,2257.86
34.375,1.03519,8.35483,26.8918,9.32704,6.42841,8.35483,34.375,0.0047929,0.0386826,0.124508,0.0431838,0.0297633,0.0386826,34.375,223.585,1804.51,5808.21,2014.5,1388.44,1804.51
34.4727,2.22842,4.63759,19.0385,12.7537,25.2527,12.7537,34.4727,0.0102883,0.021411,0.087898,0.058882,0.116588,0.058882,34.4727,482.671,1004.49,4123.71,2762.43,5469.69,2762.43
34.5703,4.38638,5.59835,16.8566,8.57334,18.1123,8.57334,34.5703,0.0201941,0.0257737,0.0776046,0.03947,0.0833856,0.03947,34.5703,952.774,1216.03,3661.45,1862.23,3934.21,1862.23
34.668,0.770628,7.0201,6.5931,8.42593,13.1796,7.0201,34.668,0.00353783,0.0322281,0.0302678,0.038682,0.0605052,0.0322281,34.668,167.862,1529.16,1436.14,1835.38,2870.84,1529.16
34.7656,1.2064,1.46203,3.46361,9.18846,26.1362,3.46361,34.7656,0.00552282,0.00669307,0.0158562,0.0420642,0.11965,0.0158562,34.7656,263.525,319.364,756.588,2007.12,5709.16,756.588
34.8633,0.938154,4.71311,43.083,13.0478,5.33335,5.33335,34.8633,0.00428278,0.0215159,0.196679,0.0595646,0.0243474,0.0243474,34.8633,205.505,1032.42,9437.44,2858.15,1168.28,1168.28
34.9609,4.28921,2.64436,30.7741,9.79072,21.9407,9.79072,34.9609,0.019526,0.0120381,0.140095,0.0445709,0.0998818,0.0445709,34.9609,942.193,580.877,6760.03,2150.69,4819.62,2150.69
35.0586,1.56888,6.01331,16.6581,9.16488,25.6517,9.16488,35.0586,0.00712223,0.0272985,0.0756225,0.0416057,0.116451,0.0416057,35.0586,345.593,1324.61,3669.44,2018.84,5650.56,2018.84
35.1563,1.27819,10.1602,20.8923,15.4785,27.3848,15.4785,35.1563,0.00578645,0.0459961,0.0945812,0.0700725,0.123973,0.0700725,35.1563,282.343,2244.33,4614.98,3419.1,6049.11,3419.1
35.2539,0.422483,9.30326,7.89977,6.6476,13.1923,7.89977,35.2539,0.00190731,0.0419999,0.0356638,0.0300108,0.059557,0.0356638,35.2539,93.5828,2060.74,1749.85,1472.49,2922.18,1749.85
35.3516,1.55963,3.94594,45.3462,16.1458,6.6899,6.6899,35.3516,0.00702157,0.0177649,0.204151,0.0726895,0.0301183,0.0301183,35.3516,346.427,876.474,10072.3,3586.32,1485.96,1485.96
35.4492,1.84579,5.52107,31.9699,5.33519,45.4394,5.52107,35.4492,0.00828696,0.0247877,0.143534,0.0239532,0.204007,0.0247877,35.4492,411.12,1229.73,7120.79,1188.33,10120.9,1229.73
35.5469,2.7139,13.125,43.0011,17.5462,21.2355,17.5462,35.5469,0.012151,0.0587649,0.19253,0.07856,0.0950783,0.07856,35.5469,606.143,2931.43,9604.18,3918.9,4742.9,3918.9
35.6445,1.52447,3.66041,16.0688,12.8329,14.7281,12.8329,35.6445,0.00680685,0.0163439,0.0717483,0.0572996,0.0657617,0.0572996,35.6445,341.422,819.789,3598.8,2874.07,3298.51,2874.07
35.7422,1.52142,4.23466,11.9298,0.975421,10.1251,4.23466,35.7422,0.00677466,0.0188563,0.0531217,0.00434341,0.0450856,0.0188563,35.7422,341.672,950.997,2679.13,219.055,2273.84,950.997
35.8398,0.21103,14.1614,3.26566,9.83659,10.5265,9.83659,35.8398,0.000937127,0.062887,0.0145019,0.0436816,0.0467454,0.0436816,35.8398,47.5216,3188.99,735.388,2215.09,2370.45,2215.09
35.9375,2.03022,7.23725,16.4165,15.4648,13.5499,13.5499,35.9375,0.00899113,0.0320513,0.0727029,0.0684885,0.0600079,0.0600079,35.9375,458.427,1634.19,3706.87,3491.99,3059.59,3059.59
36.0352,0.584832,6.17816,18.6071,8.04669,19.539,8.04669,36.0352,0.002583,0.0272868,0.082181,0.0355395,0.0862973,0.0355395,36.0352,132.415,1398.83,4212.93,1821.9,4423.94,1821.9
36.1328,1.79279,8.12758,9.81102,4.72929,31.4032,8.12758,36.1328,0.00789674,0.0357997,0.0432148,0.0208312,0.138322,0.0357997,36.1328,407.016,1845.2,2227.39,1073.69,7129.43,1845.2
36.2305,1.75722,5.86198,20.4882,10.1125,30.9955,10.1125,36.2305,0.00771921,0.0257508,0.0900017,0.0444228,0.136158,0.0444228,36.2305,400.019,1334.44,4664,2302.04,7055.89,2302.04
36.3281,2.67276,5.20719,14.2547,10.7112,23.6402,10.7112,36.3281,0.0117095,0.0228129,0.0624502,0.0469262,0.103568,0.0469262,36.3281,610.075,1188.57,3253.72,2444.9,5396.02,2444.9
36.4258,0.394262,5.95585,16.8374,5.54602,18.3142,5.95585,36.4258,0.00172264,0.0260229,0.0735674,0.0242322,0.08002,0.0260229,36.4258,90.2346,1363.12,3853.57,1269.32,4191.56,1363.12
36.5234,1.33814,1.29014,14.1126,9.7951,7.31804,7.31804,36.5234,0.00583109,0.00562193,0.0614974,0.0426833,0.0318892,0.0318892,36.5234,307.081,296.066,3238.62,2247.81,1679.37,1679.37
36.6211,1.56216,3.50085,14.0552,6.78243,27.5337,6.78243,36.6211,0.00678913,0.0152147,0.0610836,0.0294764,0.119661,0.0294764,36.6211,359.448,805.535,3234.05,1560.62,6335.44,1560.62
36.7188,1.75128,5.47097,14.2123,13.1809,13.0724,13.0724,36.7188,0.00759079,0.0237135,0.0616024,0.0571317,0.0566616,0.0566616,36.7188,404.038,1262.21,3278.94,3040.98,3015.95,3015.95
36.8164,1.30909,2.45835,15.3989,14.0944,8.11435,8.11435,36.8164,0.00565913,0.0106273,0.0665685,0.0609292,0.0350778,0.0350778,36.8164,302.825,568.675,3562.14,3260.38,1877.05,1877.05
36.9141,1.14398,3.48711,9.95765,4.47683,11.4805,4.47683,36.9141,0.00493229,0.0150347,0.0429324,0.0193019,0.0494979,0.0193019,36.9141,265.333,808.793,2309.56,1038.35,2662.75,1038.35
37.0117,0.66811,4.92382,14.3261,9.28744,9.92466,9.28744,37.0117,0.00287296,0.0211731,0.0616041,0.0399371,0.0426773,0.0399371,37.0117,155.37,1145.04,3331.56,2159.81,2307.99,2159.81
37.1094,0.210812,0.365291,12.8287,3.24382,4.92989,3.24382,37.1094,0.000904134,0.00156666,0.0550198,0.0139121,0.0211434,0.0139121,37.1094,49.1541,85.1732,2991.21,756.346,1149.48,756.346
37.207,0.786835,7.51911,16.129,9.51738,8.62721,8.62721,37.207,0.00336573,0.0321634,0.0689927,0.0407111,0.0369033,0.0369033,37.207,183.945,1757.81,3770.62,2224.96,2016.86,2016.86
37.3047,1.56245,2.95719,2.24347,6.72475,12.1458,2.95719,37.3047,0.00666595,0.0126164,0.00957144,0.0286902,0.0518181,0.0126164,37.3047,366.226,693.142,525.852,1576.23,2846.87,693.142
37.4023,1.80823,5.12967,14.8358,3.95908,28.9043,5.12967,37.4023,0.00769439,0.0218278,0.0631293,0.0168467,0.122994,0.0218278,37.4023,424.944,1205.5,3486.49,930.406,6792.67,1205.5
37.5,1.52773,7.56602,12.9651,6.51655,14.5233,7.56602,37.5,0.00648388,0.0321112,0.0550257,0.0276571,0.0616386,0.0321112,37.5,359.963,1782.7,3054.83,1535.42,3421.96,1782.7
37.5977,1.42722,5.52022,10.7357,9.05543,20.3236,9.05543,37.5977,0.00604158,0.0233677,0.0454455,0.0383326,0.0860318,0.0383326,37.5977,337.157,1304.06,2536.14,2139.19,4801.09,2139.19
37.6953,3.59524,6.36588,11.8799,6.33876,14.9692,6.36588,37.6953,0.0151796,0.0268776,0.0501587,0.0267631,0.0632022,0.0268776,37.6953,851.522,1507.74,2813.72,1501.31,3545.41,1507.74
37.793,1.26452,5.28632,17.1075,1.75822,4.87021,4.87021,37.793,0.0053252,0.0222619,0.0720438,0.00740428,0.0205096,0.0205096,37.793,300.274,1255.29,4062.36,417.508,1156.48,1156.48
37.8906,0.699101,2.70621,9.41454,4.57837,16.1771,4.57837,37.8906,0.00293649,0.0113671,0.0395446,0.0192309,0.0679498,0.0192309,37.8906,166.438,644.277,2241.36,1089.99,3851.34,1089.99
37.9883,2.73529,7.98015,25.0689,3.05533,11.3154,7.98015,37.9883,0.0114597,0.0334335,0.105028,0.0128006,0.0474067,0.0334335,37.9883,652.88,1904.76,5983.63,729.269,2700.84,1904.76
38.0859,2.8852,1.97288,28.1204,3.68087,3.42601,3.42601,38.0859,0.0120568,0.00824436,0.117511,0.0153818,0.0143167,0.0143167,38.0859,690.431,472.113,6729.25,880.836,819.848,819.848
38.1836,2.29512,3.14724,17.9415,5.86803,22.4485,5.86803,38.1836,0.00956641,0.0131182,0.0747827,0.0244588,0.0935687,0.0244588,38.1836,550.633,755.069,4304.42,1407.83,5385.72,1407.83
38.2813,4.15275,9.89939,19.1466,12.0705,15.4612,12.0705,38.2813,0.0172651,0.0411569,0.0796022,0.0501835,0.0642801,0.0501835,38.2813,998.853,2381.08,4605.29,2903.31,3718.85,2903.31
38.3789,3.17176,0.681202,7.08318,8.80821,8.25317,7.08318,38.3789,0.0131531,0.0028249,0.0293735,0.0365271,0.0342254,0.0293735,38.3789,764.845,164.266,1708.05,2124.03,1990.18,1708.05
38.4766,0.305279,5.86376,19.2518,8.13441,14.0742,8.13441,38.4766,0.00126276,0.0242549,0.0796335,0.0336473,0.0582169,0.0336473,38.4766,73.8029,1417.6,4654.24,1966.54,3402.52,1966.54
38.5742,1.58258,6.85121,5.17951,14.6591,6.76282,6.76282,38.5742,0.00652962,0.0282677,0.0213703,0.0604824,0.027903,0.027903,38.5742,383.567,1660.52,1255.35,3552.9,1639.1,1639.1
38.6719,0.683723,1.74894,10.2292,7.26418,11.4819,7.26418,38.6719,0.00281388,0.0071978,0.0420986,0.0298959,0.047254,0.0298959,38.6719,166.133,424.962,2485.52,1765.07,2789.9,1765.07
38.7695,1.27705,8.61118,8.69262,14.3422,10.6616,8.69262,38.7695,0.0052425,0.0353502,0.0356845,0.058877,0.0437675,0.0356845,38.7695,311.085,2097.65,2117.49,3493.71,2597.12,2117.49
38.8672,0.572303,2.86931,8.12973,4.49394,12.698,4.49394,38.8672,0.00234349,0.0117494,0.0332899,0.018402,0.0519961,0.018402,38.8672,139.762,700.713,1985.36,1097.46,3100.97,1097.46
38.9648,4.02515,7.73771,17.6159,8.43198,17.8393,8.43198,38.9648,0.016441,0.0316053,0.0719536,0.0344411,0.0728662,0.0344411,38.9648,985.45,1894.37,4312.79,2064.35,4367.49,2064.35
39.0625,1.91234,2.78376,14.6748,12.3599,14.6891,12.3599,39.0625,0.00779158,0.0113421,0.0597906,0.0503587,0.0598486,0.0503587,39.0625,469.359,683.237,3601.74,3033.57,3605.24,3033.57
39.1602,1.57709,4.70384,3.47496,3.38938,16.5219,3.47496,39.1602,0.00640962,0.0191174,0.0141229,0.0137751,0.0671484,0.0141229,39.1602,388.044,1157.38,855.015,833.958,4065.22,855.015
39.2578,1.43801,7.8373,14.7076,4.98654,14.2649,7.8373,39.2578,0.00582981,0.0317732,0.0596259,0.0202159,0.0578312,0.0317732,39.2578,354.704,1933.18,3627.83,1230,3518.64,1933.18
39.3555,1.08219,6.0094,12.695,2.90808,12.0078,6.0094,39.3555,0.00437642,0.0243022,0.0513389,0.0117604,0.04856,0.0243022,39.3555,267.601,1485.99,3139.18,719.104,2969.26,1485.99
39.4531,0.91175,3.34723,15.7638,9.65855,10.6325,9.65855,39.4531,0.00367802,0.0135028,0.0635914,0.0389629,0.0428918,0.0389629,39.4531,226.015,829.75,3907.7,2394.27,2635.71,2394.27
39.5508,2.96065,3.87473,10.6333,5.98275,11.8675,5.98275,39.5508,0.0119139,0.0155922,0.042789,0.024075,0.0477558,0.024075,39.5508,735.737,962.89,2642.42,1486.74,2949.14,1486.74
39.6484,3.40364,7.19223,13.2112,6.08512,14.3088,7.19223,39.6484,0.0136627,0.0288707,0.0530319,0.0244266,0.0574377,0.0288707,39.6484,847.909,1791.72,3291.16,1515.92,3564.59,1791.72
39.7461,1.52524,5.55225,7.33424,9.03929,12.2135,7.33424,39.7461,0.00610751,0.0222328,0.0293684,0.0361959,0.0489064,0.0293684,39.7461,380.902,1386.57,1831.6,2257.4,3050.1,1831.6
39.8438,1.23698,4.80894,13.2432,2.50765,4.58848,4.58848,39.8438,0.00494109,0.0192092,0.0528996,0.0100167,0.0183286,0.0183286,39.8438,309.673,1203.9,3315.37,627.779,1148.71,1148.71
39.9414,1.95498,1.47298,10.5775,3.2432,5.54062,3.2432,39.9414,0.00779004,0.0058694,0.0421484,0.0129232,0.0220778,0.0129232,39.9414,490.621,369.658,2654.53,813.911,1390.47,813.911
40.0391,1.16644,6.96196,8.42017,6.37637,4.94684,6.37637,40.0391,0.0046366,0.0276737,0.0334701,0.025346,0.0196636,0.025346,40.0391,293.445,1751.44,2118.29,1604.12,1244.49,1604.12
40.1367,2.30933,5.50261,17.4657,5.80359,7.74266,5.80359,40.1367,0.00915724,0.0218196,0.0692572,0.0230131,0.0307021,0.0230131,40.1367,582.382,1387.68,4404.62,1463.59,1952.59,1463.59
40.2344,2.57537,5.94486,20.8907,4.81372,4.36697,4.81372,40.2344,0.0101874,0.0235161,0.0826374,0.0190416,0.0172744,0.0190416,40.2344,651.055,1502.86,5281.18,1216.91,1103.97,1216.91
40.332,1.2349,11.2244,9.89227,2.12515,12.6272,9.89227,40.332,0.00487307,0.0442929,0.039036,0.00838608,0.0498283,0.039036,40.332,312.941,2844.42,2506.84,538.541,3199.9,2506.84
40.4297,1.4303,4.48629,13.8563,6.23488,7.52491,6.23488,40.4297,0.00563051,0.0176607,0.0545465,0.0245441,0.0296225,0.0245441,40.4297,363.336,1139.64,3519.87,1583.83,1911.53,1583.83
40.5273,1.78014,3.654,8.70117,4.04244,3.71,3.71,40.5273,0.00699077,0.0143496,0.0341704,0.0158751,0.0145695,0.0145695,40.5273,453.295,930.457,2215.67,1029.37,944.717,944.717
40.625,1.32359,3.24291,8.73064,5.91622,12.6457,5.91622,40.625,0.00518537,0.0127046,0.0342037,0.0231778,0.0495417,0.0231778,40.625,337.852,827.767,2228.53,1510.14,3227.88,1510.14
40.7227,1.69966,4.23037,20.7635,5.23857,7.83308,5.23857,40.7227,0.00664272,0.0165334,0.0811492,0.0204737,0.0306138,0.0204737,40.7227,434.889,1082.42,5312.71,1340.38,2004.23,1340.38
40.8203,0.833084,0.245281,14.8417,4.72141,29.2059,4.72141,40.8203,0.00324812,0.000956331,0.0578665,0.0184084,0.113871,0.0184084,40.8203,213.671,62.9101,3806.62,1210.95,7490.78,1210.95
40.918,1.21236,2.23943,2.29252,3.92507,12.393,2.29252,40.918,0.00471559,0.00871051,0.00891703,0.015267,0.0482038,0.00891703,40.918,311.691,575.746,589.397,1009.12,3186.17,589.397
41.0156,1.10841,5.05144,13.6488,5.28047,12.9356,5.28047,41.0156,0.00430101,0.0196013,0.052962,0.0204901,0.0501947,0.0204901,41.0156,285.646,1301.8,3517.41,1360.82,3333.62,1360.82
41.1133,1.03224,3.66967,18.4327,5.96257,20.4279,5.96257,41.1133,0.00399592,0.0142058,0.0713554,0.0230819,0.0790789,0.0230819,41.1133,266.65,947.958,4761.58,1540.26,5276.97,1540.26
41.2109,0.660415,2.6486,16.3249,3.34727,6.89796,3.34727,41.2109,0.0025505,0.0102288,0.063046,0.012927,0.0266396,0.012927,41.2109,171.005,685.819,4227.1,866.729,1786.13,866.729
41.3086,0.446893,5.02475,6.12894,6.52037,19.0552,6.12894,41.3086,0.0017218,0.0193595,0.0236138,0.0251219,0.0734164,0.0236138,41.3086,115.991,1304.17,1590.76,1692.36,4945.77,1590.76
41.4063,0.512433,5.98299,5.16343,4.54611,4.88019,4.88019,41.4063,0.00196966,0.0229971,0.0198469,0.0174741,0.0187582,0.0187582,41.4063,133.316,1556.55,1343.33,1182.73,1269.65,1269.65
41.5039,1.9114,2.89343,5.19755,4.42557,8.59746,4.42557,41.5039,0.00732965,0.0110954,0.019931,0.0169707,0.0329687,0.0169707,41.5039,498.449,754.54,1355.4,1154.09,2242.02,1154.09
41.6016,0.38858,2.95696,7.14602,1.83135,3.25506,2.95696,41.6016,0.00148659,0.0113124,0.0273385,0.0070062,0.0124529,0.0113124,41.6016,101.571,772.92,1867.9,478.698,850.842,772.92
41.6992,2.14143,3.37411,11.8258,7.86967,12.9461,7.86967,41.6992,0.00817328,0.0128781,0.045136,0.0300365,0.0494118,0.0300365,41.6992,561.063,884.031,3098.41,2061.88,3391.92,2061.88
41.7969,1.68243,1.7701,14.1715,4.88888,4.85148,4.85148,41.7969,0.00640639,0.00674023,0.0539624,0.018616,0.0184735,0.0184735,41.7969,441.836,464.86,3721.68,1283.91,1274.08,1274.08
41.8945,1.55784,1.93144,0.712306,4.53194,10.6178,1.93144,41.8945,0.00591813,0.00733742,0.00270601,0.0172166,0.0403366,0.00733742,41.8945,410.071,508.415,187.501,1192.95,2794.94,508.415
41.9922,0.969335,5.34737,3.89672,5.47575,8.4769,5.34737,41.9922,0.00367389,0.0202671,0.014769,0.0207537,0.0321284,0.0202671,41.9922,255.754,1410.87,1028.13,1444.75,2236.59,1410.87
42.0898,2.09898,3.46592,6.49823,1.84166,5.88574,3.46592,42.0898,0.00793689,0.0131057,0.0245718,0.0069639,0.0222558,0.0131057,42.0898,555.092,916.592,1718.51,487.043,1556.53,916.592
42.1875,1.621,2.92109,6.19406,2.52752,5.27889,2.92109,42.1875,0.00611533,0.01102,0.0233675,0.00953522,0.0199149,0.01102,42.1875,429.682,774.298,1641.87,669.974,1399.29,774.298
42.2852,0.475788,2.16325,2.56536,3.29029,7.62511,2.56536,42.2852,0.00179079,0.00814214,0.00965561,0.0123842,0.0286998,0.00965561,42.2852,126.41,574.744,681.578,874.182,2025.88,681.578
42.3828,1.08895,3.2221,3.42378,2.61129,9.7808,3.2221,42.3828,0.0040892,0.0120995,0.0128569,0.00980587,0.0367286,0.0120995,42.3828,289.986,858.042,911.75,695.385,2604.62,858.042
42.4805,1.47197,1.48102,9.68884,1.43537,4.01917,1.48102,42.4805,0.00551479,0.0055487,0.0362997,0.00537769,0.015058,0.0055487,42.4805,392.887,395.302,2586.08,383.119,1072.77,395.302
42.5781,1.03284,3.93522,5.96268,6.39914,8.64171,5.96268,42.5781,0.00386069,0.0147097,0.0222882,0.0239197,0.0323023,0.0222882,42.5781,276.311,1052.77,1595.17,1711.94,2311.89,1595.17
42.6758,0.83834,3.13404,7.75316,1.52678,1.01901,1.52678,42.6758,0.0031265,0.0116881,0.0289146,0.00569397,0.0038003,0.00569397,42.6758,224.792,840.361,2078.93,409.391,273.237,409.391
42.7734,1.29672,2.43822,2.61321,1.13656,11.2175,2.43822,42.7734,0.00482494,0.00907234,0.00972345,0.004229,0.041739,0.00907234,42.7734,348.497,655.28,702.31,305.454,3014.74,655.28
42.8711,0.258305,6.13605,13.0275,1.08994,0.649622,1.08994,42.8711,0.000958932,0.0227795,0.0483634,0.00404629,0.00241166,0.00404629,42.8711,69.5787,1652.85,3509.18,293.593,174.987,293.593
42.9688,0.414502,5.97692,5.07235,1.45412,10.5771,5.07235,42.9688,0.0015353,0.0221383,0.0187878,0.00538602,0.0391772,0.0187878,42.9688,111.907,1613.65,1369.44,392.584,2855.61,1369.44
43.0664,0.241198,1.96668,1.13256,1.66204,8.59759,1.66204,43.0664,0.000891363,0.00726801,0.00418547,0.00614219,0.031773,0.00614219,43.0664,65.2667,532.173,306.465,449.738,2326.46,449.738
43.1641,0.291132,4.43459,4.18273,2.94332,1.9507,2.94332,43.1641,0.00107347,0.0163513,0.0154226,0.0108526,0.00719265,0.0108526,43.1641,78.9574,1202.7,1134.39,798.252,529.046,798.252
43.2617,0.254741,1.21591,3.689,1.21566,8.0776,1.21591,43.2617,0.000937164,0.00447321,0.0135714,0.00447228,0.0297166,0.00447321,43.2617,69.2441,330.511,1002.75,330.443,2195.67,330.511
43.3594,0.810902,0.744243,4.74441,2.80854,0.366845,0.810902,43.3594,0.0029765,0.00273182,0.0174148,0.010309,0.00134654,0.0029765,43.3594,220.918,202.758,1292.54,765.146,99.9414,220.918
43.457,0.861526,2.60459,1.70691,2.73204,6.0017,2.60459,43.457,0.00315521,0.00953893,0.00625129,0.0100057,0.0219803,0.00953893,43.457,235.239,711.18,466.068,745.98,1638.76,711.18
43.5547,0.447046,0.598931,0.755824,0.933866,3.54865,0.755824,43.5547,0.00163357,0.00218858,0.00276189,0.00341248,0.0129673,0.00276189,43.5547,122.34,163.905,206.84,255.564,971.131,206.84
43.6523,0.79335,2.5817,0.690363,0.30295,3.79819,0.79335,43.6523,0.00289253,0.00941279,0.00251704,0.00110455,0.0138481,0.00289253,43.6523,217.597,708.098,189.35,83.0919,1041.75,217.597
43.75,0.41082,0.982928,3.4249,2.68684,6.59807,2.68684,43.75,0.00149449,0.00357572,0.0124592,0.00977426,0.0240026,0.00977426,43.75,112.93,270.196,941.468,738.584,1813.74,738.584
43.8477,0.501024,2.10525,5.2663,1.69803,9.20201,2.10525,43.8477,0.00181858,0.00764147,0.0191152,0.00616339,0.0334008,0.00764147,43.8477,138.034,580.002,1450.88,467.813,2535.18,580.002
43.9453,0.22458,3.70264,0.756881,0.988439,1.70536,0.988439,43.9453,0.000813351,0.0134097,0.00274117,0.00357979,0.00617624,0.00357979,43.9453,62.0101,1022.36,208.987,272.924,470.879,272.924
44.043,0.536603,1.4168,3.17149,1.35223,5.96725,1.4168,44.043,0.00193908,0.00511978,0.0114606,0.00488645,0.0215634,0.00511978,44.043,148.494,392.07,877.648,374.202,1651.32,392.07
44.1406,0.194043,3.45052,2.87338,2.84743,3.65644,2.87338,44.1406,0.00069965,0.0124413,0.0103603,0.0102668,0.0131838,0.0103603,44.1406,53.8167,956.98,796.913,789.718,1014.09,796.913
44.2383,0.52164,1.54588,5.49549,2.67905,7.31815,2.67905,44.2383,0.00187669,0.00556156,0.019771,0.00963835,0.0263283,0.00963835,44.2383,144.994,429.687,1527.51,744.662,2034.13,744.662
44.3359,0.544804,2.49605,2.62299,0.075759,4.09069,2.49605,44.3359,0.00195571,0.0089602,0.00941587,0.000271956,0.0146846,0.0089602,44.3359,151.766,695.327,730.688,21.1042,1139.55,695.327
44.4336,0.754508,0.186345,5.23973,1.32444,7.91984,1.32444,44.4336,0.00270254,0.000667462,0.018768,0.00474395,0.0283678,0.00474395,44.4336,210.647,52.0247,1462.85,369.763,2211.1,369.763
44.5313,0.565594,0.599743,3.22121,1.71478,4.58285,1.71478,44.5313,0.00202144,0.00214348,0.0115126,0.00612864,0.0163791,0.00612864,44.5313,158.252,167.807,901.289,479.793,1282.27,479.793
44.6289,0.318736,0.59201,2.06017,0.604766,4.41146,0.604766,44.6289,0.00113667,0.00211122,0.00734697,0.00215671,0.0157321,0.00215671,44.6289,89.3773,166.006,577.697,169.584,1237.03,169.584
44.7266,0.401842,1.18042,1.252,1.0909,6.44641,1.18042,44.7266,0.00142991,0.0042004,0.00445512,0.00388186,0.0229389,0.0042004,44.7266,112.928,331.728,351.844,306.571,1811.61,331.728
44.8242,0.481079,0.715196,1.59335,1.56448,3.93611,1.56448,44.8242,0.00170814,0.00253941,0.00565742,0.0055549,0.0139757,0.0055549,44.8242,135.491,201.427,448.749,440.617,1108.56,440.617
44.9219,0.174529,0.313129,1.70496,0.361008,4.68856,0.361008,44.9219,0.000618345,0.00110939,0.00604056,0.00127902,0.0166112,0.00127902,44.9219,49.2613,88.3814,481.23,101.895,1323.36,101.895
45.0195,0.396199,0.660702,2.58394,0.884764,6.10121,0.884764,45.0195,0.00140066,0.00233574,0.00913485,0.00312785,0.0215693,0.00312785,45.0195,112.071,186.89,730.909,250.27,1725.83,250.27
45.1172,0.206052,0.754481,1.71293,0.117881,3.47004,0.754481,45.1172,0.000726868,0.0026615,0.00604253,0.000415835,0.0122409,0.0026615,45.1172,58.4116,213.88,485.582,33.4168,983.687,213.88
45.2148,0.349058,1.19942,2.18271,0.0449578,3.97755,1.19942,45.2148,0.00122867,0.00422192,0.00768307,0.00015825,0.0140008,0.00422192,45.2148,99.1649,340.747,620.093,12.7722,1129.99,340.747
45.3125,0.183609,0.645682,1.0251,0.175972,4.97959,0.645682,45.3125,0.000644907,0.00226788,0.00360056,0.000618081,0.0174902,0.00226788,45.3125,52.2748,183.83,291.854,50.1004,1417.72,183.83
45.4102,0.0591708,1.24912,1.4933,0.760643,4.97022,1.24912,45.4102,0.000207384,0.00437796,0.00523377,0.00266593,0.0174198,0.00437796,45.4102,16.8826,356.4,426.069,217.027,1418.1,356.4
45.5078,0.265415,0.734803,1.15911,0.116153,4.65327,0.734803,45.5078,0.00092824,0.00256983,0.00405377,0.000406224,0.0162739,0.00256983,45.5078,75.8913,210.105,331.43,33.2122,1330.53,210.105
45.6055,0.254445,0.540933,0.498471,0.273587,4.32699,0.498471,45.6055,0.000887968,0.00188776,0.00173958,0.000954768,0.0151004,0.00173958,45.6055,72.9107,155.003,142.836,78.3956,1239.89,142.836
45.7031,0.315157,0.657465,1.15896,0.335325,5.0096,0.657465,45.7031,0.00109749,0.00228953,0.00403591,0.00116772,0.0174452,0.00228953,45.7031,90.5008,188.798,332.807,96.2923,1438.56,188.798
45.8008,0.321629,0.417598,0.440675,0.184527,4.75313,0.417598,45.8008,0.00111764,0.00145113,0.00153132,0.000641221,0.0165168,0.00145113,45.8008,92.5567,120.174,126.815,53.1023,1367.83,120.174
45.8984,0.202428,0.222644,0.316595,0.334213,4.8596,0.316595,45.8984,0.000701928,0.000772028,0.00109781,0.0011589,0.0168509,0.00109781,45.8984,58.3779,64.2079,91.3022,96.3832,1401.45,91.3022
45.9961,0.257146,0.269035,0.517525,0.389076,4.24628,0.389076,45.9961,0.000889771,0.000930911,0.00179073,0.00134628,0.0146929,0.00134628,45.9961,74.3156,77.7517,149.566,112.444,1227.18,112.444
46.0938,0.140524,0.332412,0.195919,0.303638,4.67056,0.303638,46.0938,0.000485208,0.00114777,0.000676479,0.00104842,0.0161268,0.00104842,46.0938,40.6978,96.2716,56.7412,87.9384,1352.67,87.9384
46.1914,0.158286,0.259058,0.250298,0.261914,4.39352,0.259058,46.1914,0.000545383,0.000892597,0.000862414,0.00090244,0.0151381,0.000892597,46.1914,45.9392,75.1861,72.6437,76.0152,1275.13,75.1861
46.2891,0.178996,0.291837,0.277749,0.154459,4.45793,0.277749,46.2891,0.00061544,0.00100342,0.00095498,0.000531073,0.0153276,0.00095498,46.2891,52.0598,84.8786,80.7813,44.9232,1296.56,80.7813
46.3867,0.179146,0.196876,0.791572,0.213653,4.53028,0.213653,46.3867,0.000614658,0.00067549,0.00271592,0.000733052,0.0155436,0.000733052,46.3867,52.2132,57.3807,230.709,62.2705,1320.38,62.2705
46.4844,0.167497,0.323345,0.308714,0.251176,4.27426,0.308714,46.4844,0.000573484,0.00110708,0.00105699,0.000859984,0.0146344,0.00105699,46.4844,48.921,94.4393,90.166,73.3608,1248.38,90.166
46.582,0.173811,0.185346,0.245735,0.202015,4.41766,0.202015,46.582,0.000593852,0.000633265,0.000839592,0.000690218,0.0150936,0.000690218,46.582,50.8715,54.2478,71.9225,59.1266,1292.98,59.1266
46.6797,0.154635,0.253946,0.258278,0.140286,4.34435,0.253946,46.6797,0.000527231,0.000865833,0.000880603,0.000478308,0.0148121,0.000865833,46.6797,45.3541,74.4817,75.7523,41.1456,1274.19,74.4817
46.7773,0.180072,0.259105,0.183048,0.221173,4.58763,0.221173,46.7773,0.000612677,0.000881578,0.000622802,0.000752517,0.0156089,0.000752517,46.7773,52.9252,76.1538,53.7998,65.005,1348.36,65.005
46.875,0.170668,0.199505,0.442797,0.137758,4.27021,0.199505,46.875,0.00057947,0.00067738,0.00150343,0.000467731,0.0144987,0.00067738,46.875,50.2659,58.759,130.415,40.5732,1257.68,58.759
46.9727,0.170038,0.25237,0.168425,0.265088,4.43313,0.25237,46.9727,0.000576131,0.000855091,0.000570666,0.000898183,0.0150205,0.000855091,46.9727,50.1847,74.4839,49.7087,78.2375,1308.39,74.4839
47.0703,0.164746,0.260659,0.176435,0.202641,4.3614,0.202641,47.0703,0.000557042,0.000881344,0.000596564,0.000685172,0.0147468,0.000685172,47.0703,48.7239,77.0902,52.1808,59.9313,1289.89,59.9313
47.168,0.171351,0.269918,0.179437,0.202024,4.34586,0.202024,47.168,0.000578176,0.000910762,0.000605461,0.000681672,0.0146639,0.000681672,47.168,50.7825,79.9943,53.179,59.8728,1287.96,59.8728
47.2656,0.15579,0.265509,0.211898,0.197206,4.35571,0.211898,47.2656,0.000524582,0.000894033,0.000713512,0.000664042,0.0146667,0.000713512,47.2656,46.2662,78.8505,62.9292,58.5661,1293.55,62.9292
47.3633,0.169574,0.25391,0.180595,0.183642,4.35139,0.183642,47.3633,0.000569819,0.000853215,0.000606853,0.000617092,0.014622,0.000617092,47.3633,50.4638,75.5617,53.7436,54.6504,1294.94,54.6504
47.4609,0.156584,0.254139,0.178626,0.214335,4.39279,0.214335,47.4609,0.000525087,0.000852226,0.000599003,0.000718749,0.0147307,0.000718749,47.4609,46.6943,75.7857,53.2674,63.916,1309.95,63.916
47.5586,0.173512,0.240162,0.14287,0.224751,4.37616,0.224751,47.5586,0.000580659,0.000803702,0.000478113,0.000752128,0.0146448,0.000752128,47.5586,51.8488,71.765,42.6922,67.1598,1307.68,67.1598
47.6563,0.160892,0.272699,0.18016,0.212344,4.37568,0.212344,47.6563,0.000537321,0.000910717,0.000601671,0.000709155,0.0146132,0.000709155,47.6563,48.1763,81.655,53.9459,63.5829,1310.22,63.5829
47.7539,0.16937,0.269577,0.160448,0.214486,4.38452,0.214486,47.7539,0.00056448,0.000898449,0.000534742,0.000714842,0.0146128,0.000714842,47.7539,50.819,80.8856,48.1417,64.3557,1315.56,64.3557
47.8516,0.168219,0.266986,0.153758,0.222794,4.39397,0.222794,47.8516,0.000559499,0.000887998,0.000511402,0.000741015,0.0146144,0.000741015,47.8516,50.5768,80.272,46.229,66.9852,1321.09,66.9852
47.9492,0.16035,0.259038,0.149076,0.226206,4.33082,0.226206,47.9492,0.000532242,0.000859808,0.000494819,0.000750833,0.014375,0.000750833,47.9492,48.3094,78.0413,44.9127,68.15,1304.76,68.15
48.0469,0.162818,0.2645,0.158684,0.206289,4.37254,0.206289,48.0469,0.000539332,0.000876154,0.00052564,0.000683331,0.014484,0.000683331,48.0469,49.1526,79.8491,47.9047,62.2761,1320.01,62.2761
48.1445,0.153389,0.247718,0.159136,0.204292,4.367,0.204292,48.1445,0.000507071,0.0008189,0.000526068,0.000675344,0.0144363,0.000675344,48.1445,46.4005,74.935,48.1388,61.7987,1321.02,61.7987
48.2422,0.164503,0.261334,0.143746,0.204095,4.35381,0.204095,48.2422,0.000542708,0.000862161,0.00047423,0.000673326,0.0143636,0.000673326,48.2422,49.8632,79.2141,43.5715,61.8642,1319.7,61.8642
48.3398,0.161075,0.269695,0.146045,0.210905,4.35493,0.210905,48.3398,0.000530327,0.000887949,0.000480841,0.000694388,0.0143382,0.000694388,48.3398,48.9231,81.914,44.358,64.0579,1322.71,64.0579
48.4375,0.155704,0.258694,0.14546,0.1921,4.35832,0.1921,48.4375,0.000511608,0.000850012,0.00047795,0.000631198,0.0143205,0.000631198,48.4375,47.3871,78.7314,44.2696,58.464,1326.42,58.464
48.5352,0.156301,0.24367,0.143973,0.203053,4.31768,0.203053,48.5352,0.000512536,0.000799036,0.000472112,0.000665845,0.0141584,0.000665845,48.5352,47.6647,74.3085,43.9054,61.9221,1316.7,61.9221
48.6328,0.171105,0.254419,0.132752,0.220478,4.35444,0.220478,48.6328,0.000559956,0.000832607,0.000434444,0.000721533,0.0142503,0.000721533,48.6328,52.2844,77.7426,40.565,67.3712,1330.58,67.3712
48.7305,0.155734,0.257604,0.141354,0.21477,4.35752,0.21477,48.7305,0.000508632,0.000841341,0.000461664,0.000701444,0.0142318,0.000701444,48.7305,47.6831,78.8738,43.28,65.7588,1334.2,65.7588
48.8281,0.17379,0.246868,0.14032,0.206079,4.36314,0.206079,48.8281,0.000566467,0.000804665,0.000457373,0.000671712,0.0142216,0.000671712,48.8281,53.3181,75.7382,43.0497,63.2241,1338.59,63.2241
48.9258,0.165069,0.246784,0.127616,0.215466,4.35599,0.215466,48.9258,0.000536967,0.000802786,0.000415132,0.000700909,0.01417,0.000700909,48.9258,50.7438,75.8639,39.2302,66.2365,1339.07,66.2365
49.0234,0.162116,0.251517,0.127677,0.218056,4.35321,0.218056,49.0234,0.000526312,0.000816551,0.000414504,0.000707921,0.0141327,0.000707921,49.0234,49.9356,77.473,39.3274,67.1664,1340.89,67.1664
49.1211,0.155534,0.245732,0.128037,0.211964,4.34863,0.211964,49.1211,0.000503939,0.000796183,0.000414846,0.000686774,0.0140898,0.000686774,49.1211,48.0036,75.8418,39.5169,65.4199,1342.15,65.4199
49.2188,0.162357,0.250216,0.126202,0.221855,4.38507,0.221855,49.2188,0.000525001,0.000809105,0.000408089,0.000717395,0.0141797,0.000717395,49.2188,50.209,77.3795,39.0279,68.6087,1356.09,68.6087
49.3164,0.163793,0.258314,0.124021,0.210661,4.3406,0.210661,49.3164,0.000528598,0.000833636,0.000400244,0.000679848,0.0140081,0.000679848,49.3164,50.7537,80.0422,38.4298,65.2761,1345,65.2761
49.4141,0.163476,0.266867,0.115211,0.220664,4.32297,0.220664,49.4141,0.00052653,0.000859536,0.000371076,0.000710725,0.0139236,0.000710725,49.4141,50.7556,82.8562,35.7704,68.5113,1342.19,68.5113
49.5117,0.162621,0.255791,0.111822,0.196446,4.34319,0.196446,49.5117,0.000522745,0.000822238,0.00035945,0.000631474,0.0139612,0.000631474,49.5117,50.5901,79.5744,34.7868,61.1127,1351.13,61.1127
49.6094,0.159624,0.256496,0.114626,0.21055,4.36076,0.21055,49.6094,0.0005121,0.00082288,0.000367738,0.000675479,0.01399,0.000675479,49.6094,49.7556,79.951,35.7294,65.6295,1359.27,65.6295
49.707,0.159247,0.260092,0.122555,0.216288,4.36643,0.216288,49.707,0.000509885,0.000832778,0.000392404,0.000692524,0.0139807,0.000692524,49.707,49.7357,81.2315,38.2762,67.5508,1363.72,67.5508
49.8047,0.156212,0.24208,0.122121,0.224662,4.34808,0.224662,49.8047,0.000499189,0.000773586,0.000390247,0.000717926,0.0138946,0.000717926,49.8047,48.8839,75.7546,38.2155,70.304,1360.65,70.304
49.9023,0.157274,0.261017,0.129134,0.198254,4.3367,0.198254,49.9023,0.000501598,0.000832469,0.000411849,0.000632296,0.0138312,0.000632296,49.9023,49.3125,81.8407,40.4893,62.1616,1359.75,62.1616
50,0.155817,0.252586,0.110941,0.210936,4.35086,0.210936,50,0.000495981,0.000804006,0.000353135,0.000671431,0.0138492,0.000671431,50,48.9514,79.3522,34.853,66.2676,1366.86,66.2676
